[{"model": "admin.logentry", "pk": 1, "fields": {"action_time": "2025-05-21T15:08:27.178Z", "user": 1, "content_type": 15, "object_id": "1", "object_repr": "Testnet", "action_flag": 1, "change_message": "[{\"added\": {}}]"}}, {"model": "admin.logentry", "pk": 2, "fields": {"action_time": "2025-05-21T15:08:37.235Z", "user": 1, "content_type": 15, "object_id": "2", "object_repr": "Testnet Asimov", "action_flag": 1, "change_message": "[{\"added\": {}}]"}}, {"model": "admin.logentry", "pk": 3, "fields": {"action_time": "2025-05-21T15:08:52.053Z", "user": 1, "content_type": 15, "object_id": "3", "object_repr": "Node Upgrade", "action_flag": 1, "change_message": "[{\"added\": {}}]"}}, {"model": "admin.logentry", "pk": 4, "fields": {"action_time": "2025-05-21T15:08:57.849Z", "user": 1, "content_type": 15, "object_id": "4", "object_repr": "Bug Report", "action_flag": 1, "change_message": "[{\"added\": {}}]"}}, {"model": "admin.logentry", "pk": 5, "fields": {"action_time": "2025-05-22T13:17:23.951Z", "user": 1, "content_type": 17, "object_id": "1", "object_repr": "Node Upgrade Multiplier Config", "action_flag": 1, "change_message": "[{\"added\": {}}, {\"added\": {\"name\": \"multiplier period\", \"object\": \"Node Upgrade: 100x (from 2025-05-22 13:17)\"}}]"}}, {"model": "admin.logentry", "pk": 6, "fields": {"action_time": "2025-05-22T13:18:07.512Z", "user": 1, "content_type": 17, "object_id": "1", "object_repr": "Node Upgrade Multiplier Config", "action_flag": 2, "change_message": "[{\"changed\": {\"fields\": [\"Notes\"]}}]"}}, {"model": "admin.logentry", "pk": 7, "fields": {"action_time": "2025-05-22T13:18:40.003Z", "user": 1, "content_type": 14, "object_id": "1", "object_repr": "admin@admin.com - Node Upgrade - 2 points", "action_flag": 1, "change_message": "[{\"added\": {}}]"}}, {"model": "admin.logentry", "pk": 8, "fields": {"action_time": "2025-05-22T14:32:13.238Z", "user": 1, "content_type": 13, "object_id": "1", "object_repr": "admin@admin.com", "action_flag": 2, "change_message": "[{\"changed\": {\"fields\": [\"Name\", \"Address\"]}}]"}}, {"model": "admin.logentry", "pk": 9, "fields": {"action_time": "2025-05-22T16:30:11.167Z", "user": 1, "content_type": 15, "object_id": "5", "object_repr": "Validator", "action_flag": 1, "change_message": "[{\"added\": {}}]"}}, {"model": "admin.logentry", "pk": 10, "fields": {"action_time": "2025-05-22T16:30:34.551Z", "user": 1, "content_type": 15, "object_id": "6", "object_repr": "Uptime", "action_flag": 1, "change_message": "[{\"added\": {}}]"}}, {"model": "admin.logentry", "pk": 11, "fields": {"action_time": "2025-05-22T16:30:44.603Z", "user": 1, "content_type": 15, "object_id": "7", "object_repr": "Testnet Asimov: Phase 2", "action_flag": 1, "change_message": "[{\"added\": {}}]"}}, {"model": "admin.logentry", "pk": 12, "fields": {"action_time": "2025-05-22T16:36:21.827Z", "user": 1, "content_type": 13, "object_id": "3", "object_repr": "node.monster@gmail.com", "action_flag": 1, "change_message": "[{\"added\": {}}]"}}, {"model": "admin.logentry", "pk": 13, "fields": {"action_time": "2025-05-22T16:36:25.963Z", "user": 1, "content_type": 13, "object_id": "3", "object_repr": "node.monster@gmail.com", "action_flag": 2, "change_message": "[]"}}, {"model": "admin.logentry", "pk": 14, "fields": {"action_time": "2025-05-22T16:36:40.336Z", "user": 1, "content_type": 13, "object_id": "4", "object_repr": "TuDudes@gmail.com", "action_flag": 1, "change_message": "[{\"added\": {}}]"}}, {"model": "admin.logentry", "pk": 15, "fields": {"action_time": "2025-05-22T16:37:08.355Z", "user": 1, "content_type": 13, "object_id": "5", "object_repr": "CroutonDigital@cd.com", "action_flag": 1, "change_message": "[{\"added\": {}}]"}}, {"model": "admin.logentry", "pk": 16, "fields": {"action_time": "2025-05-22T16:37:26.906Z", "user": 1, "content_type": 13, "object_id": "6", "object_repr": "Noders@gmail.com", "action_flag": 1, "change_message": "[{\"added\": {}}]"}}, {"model": "admin.logentry", "pk": 17, "fields": {"action_time": "2025-05-22T16:37:45.350Z", "user": 1, "content_type": 13, "object_id": "7", "object_repr": "SenseiNode@gmail.com", "action_flag": 1, "change_message": "[{\"added\": {}}]"}}, {"model": "admin.logentry", "pk": 18, "fields": {"action_time": "2025-05-22T16:37:49.327Z", "user": 1, "content_type": 13, "object_id": "7", "object_repr": "SenseiNode@gmail.com", "action_flag": 2, "change_message": "[]"}}, {"model": "admin.logentry", "pk": 19, "fields": {"action_time": "2025-05-22T16:38:19.018Z", "user": 1, "content_type": 13, "object_id": "8", "object_repr": "CoinagexDAIC@gmail.com", "action_flag": 1, "change_message": "[{\"added\": {}}]"}}, {"model": "admin.logentry", "pk": 20, "fields": {"action_time": "2025-05-22T16:38:21.445Z", "user": 1, "content_type": 13, "object_id": "8", "object_repr": "CoinagexDAIC@gmail.com", "action_flag": 2, "change_message": "[]"}}, {"model": "admin.logentry", "pk": 21, "fields": {"action_time": "2025-05-22T16:38:55.871Z", "user": 1, "content_type": 13, "object_id": "9", "object_repr": "firstset@gmail.com", "action_flag": 1, "change_message": "[{\"added\": {}}]"}}, {"model": "admin.logentry", "pk": 22, "fields": {"action_time": "2025-05-22T16:38:59.832Z", "user": 1, "content_type": 13, "object_id": "9", "object_repr": "firstset@gmail.com", "action_flag": 2, "change_message": "[]"}}, {"model": "admin.logentry", "pk": 23, "fields": {"action_time": "2025-05-22T16:39:20.268Z", "user": 1, "content_type": 13, "object_id": "10", "object_repr": "PeerSyst@gmail.com", "action_flag": 1, "change_message": "[{\"added\": {}}]"}}, {"model": "admin.logentry", "pk": 24, "fields": {"action_time": "2025-05-22T17:10:32.903Z", "user": 1, "content_type": 15, "object_id": "7", "object_repr": "Testnet Asimov: Phase 2", "action_flag": 2, "change_message": "[{\"added\": {\"name\": \"global leaderboard multiplier\", \"object\": \"Testnet Asimov: Phase 2: 1.0x (from 2025-05-01 17:10)\"}}]"}}, {"model": "admin.logentry", "pk": 25, "fields": {"action_time": "2025-05-22T17:10:40.671Z", "user": 1, "content_type": 15, "object_id": "6", "object_repr": "Uptime", "action_flag": 2, "change_message": "[{\"added\": {\"name\": \"global leaderboard multiplier\", \"object\": \"Uptime: 1.0x (from 2025-05-01 17:10)\"}}]"}}, {"model": "admin.logentry", "pk": 26, "fields": {"action_time": "2025-05-22T17:10:44.396Z", "user": 1, "content_type": 15, "object_id": "5", "object_repr": "Validator", "action_flag": 2, "change_message": "[{\"added\": {\"name\": \"global leaderboard multiplier\", \"object\": \"Validator: 1.0x (from 2025-05-01 17:10)\"}}]"}}, {"model": "admin.logentry", "pk": 27, "fields": {"action_time": "2025-05-22T17:10:47.993Z", "user": 1, "content_type": 15, "object_id": "4", "object_repr": "Bug Report", "action_flag": 2, "change_message": "[{\"added\": {\"name\": \"global leaderboard multiplier\", \"object\": \"Bug Report: 1.0x (from 2025-05-01 17:10)\"}}]"}}, {"model": "admin.logentry", "pk": 28, "fields": {"action_time": "2025-05-22T17:10:51.105Z", "user": 1, "content_type": 15, "object_id": "3", "object_repr": "Node Upgrade", "action_flag": 2, "change_message": "[{\"added\": {\"name\": \"global leaderboard multiplier\", \"object\": \"Node Upgrade: 1.0x (from 2025-05-01 17:10)\"}}]"}}, {"model": "admin.logentry", "pk": 29, "fields": {"action_time": "2025-05-22T17:10:54.274Z", "user": 1, "content_type": 15, "object_id": "2", "object_repr": "Testnet Asimov", "action_flag": 2, "change_message": "[{\"added\": {\"name\": \"global leaderboard multiplier\", \"object\": \"Testnet Asimov: 1.0x (from 2025-05-01 17:10)\"}}]"}}, {"model": "admin.logentry", "pk": 30, "fields": {"action_time": "2025-05-22T17:11:00.505Z", "user": 1, "content_type": 15, "object_id": "1", "object_repr": "Testnet", "action_flag": 2, "change_message": "[{\"added\": {\"name\": \"global leaderboard multiplier\", \"object\": \"Testnet: 1.0x (from 2025-05-01 17:10)\"}}]"}}, {"model": "admin.logentry", "pk": 31, "fields": {"action_time": "2025-05-22T17:11:20.306Z", "user": 1, "content_type": 13, "object_id": "8", "object_repr": "CoinagexDAIC@gmail.com", "action_flag": 2, "change_message": "[{\"added\": {\"name\": \"contribution\", \"object\": \"CoinagexDAIC@gmail.com - Testnet - 1 points\"}}, {\"added\": {\"name\": \"contribution\", \"object\": \"CoinagexDAIC@gmail.com - Testnet Asimov - 1 points\"}}, {\"added\": {\"name\": \"contribution\", \"object\": \"CoinagexDAIC@gmail.com - Testnet Asimov: Phase 2 - 1 points\"}}, {\"added\": {\"name\": \"contribution\", \"object\": \"CoinagexDAIC@gmail.com - Node Upgrade - 1 points\"}}, {\"added\": {\"name\": \"contribution\", \"object\": \"CoinagexDAIC@gmail.com - Validator - 1 points\"}}, {\"added\": {\"name\": \"contribution\", \"object\": \"CoinagexDAIC@gmail.com - Uptime - 1 points\"}}]"}}, {"model": "admin.logentry", "pk": 32, "fields": {"action_time": "2025-05-22T17:11:56.074Z", "user": 1, "content_type": 13, "object_id": "5", "object_repr": "CroutonDigital@cd.com", "action_flag": 2, "change_message": "[{\"added\": {\"name\": \"contribution\", \"object\": \"CroutonDigital@cd.com - Testnet - 0 points\"}}, {\"added\": {\"name\": \"contribution\", \"object\": \"CroutonDigital@cd.com - Testnet Asimov - 0 points\"}}, {\"added\": {\"name\": \"contribution\", \"object\": \"CroutonDigital@cd.com - Node Upgrade - 0 points\"}}, {\"added\": {\"name\": \"contribution\", \"object\": \"CroutonDigital@cd.com - Validator - 0 points\"}}, {\"added\": {\"name\": \"contribution\", \"object\": \"CroutonDigital@cd.com - Uptime - 0 points\"}}, {\"added\": {\"name\": \"contribution\", \"object\": \"CroutonDigital@cd.com - Testnet Asimov: Phase 2 - 0 points\"}}]"}}, {"model": "admin.logentry", "pk": 33, "fields": {"action_time": "2025-05-22T17:12:27.229Z", "user": 1, "content_type": 13, "object_id": "6", "object_repr": "Noders@gmail.com", "action_flag": 2, "change_message": "[{\"added\": {\"name\": \"contribution\", \"object\": \"Noders@gmail.com - Testnet - 0 points\"}}, {\"added\": {\"name\": \"contribution\", \"object\": \"Noders@gmail.com - Testnet Asimov - 0 points\"}}, {\"added\": {\"name\": \"contribution\", \"object\": \"Noders@gmail.com - Node Upgrade - 0 points\"}}, {\"added\": {\"name\": \"contribution\", \"object\": \"Noders@gmail.com - Validator - 0 points\"}}, {\"added\": {\"name\": \"contribution\", \"object\": \"Noders@gmail.com - Uptime - 0 points\"}}, {\"added\": {\"name\": \"contribution\", \"object\": \"Noders@gmail.com - Testnet Asimov: Phase 2 - 0 points\"}}]"}}, {"model": "admin.logentry", "pk": 34, "fields": {"action_time": "2025-05-22T17:12:47.476Z", "user": 1, "content_type": 13, "object_id": "7", "object_repr": "SenseiNode@gmail.com", "action_flag": 2, "change_message": "[{\"added\": {\"name\": \"contribution\", \"object\": \"SenseiNode@gmail.com - Testnet - 0 points\"}}, {\"added\": {\"name\": \"contribution\", \"object\": \"SenseiNode@gmail.com - Testnet Asimov - 0 points\"}}, {\"added\": {\"name\": \"contribution\", \"object\": \"SenseiNode@gmail.com - Node Upgrade - 0 points\"}}, {\"added\": {\"name\": \"contribution\", \"object\": \"SenseiNode@gmail.com - Validator - 0 points\"}}, {\"added\": {\"name\": \"contribution\", \"object\": \"SenseiNode@gmail.com - Uptime - 0 points\"}}, {\"added\": {\"name\": \"contribution\", \"object\": \"SenseiNode@gmail.com - Testnet Asimov: Phase 2 - 0 points\"}}]"}}, {"model": "admin.logentry", "pk": 35, "fields": {"action_time": "2025-05-22T17:13:08.384Z", "user": 1, "content_type": 13, "object_id": "4", "object_repr": "TuDudes@gmail.com", "action_flag": 2, "change_message": "[{\"added\": {\"name\": \"contribution\", \"object\": \"TuDudes@gmail.com - Testnet - 0 points\"}}, {\"added\": {\"name\": \"contribution\", \"object\": \"TuDudes@gmail.com - Testnet Asimov - 0 points\"}}, {\"added\": {\"name\": \"contribution\", \"object\": \"TuDudes@gmail.com - Node Upgrade - 0 points\"}}, {\"added\": {\"name\": \"contribution\", \"object\": \"TuDudes@gmail.com - Validator - 0 points\"}}, {\"added\": {\"name\": \"contribution\", \"object\": \"TuDudes@gmail.com - Uptime - 0 points\"}}, {\"added\": {\"name\": \"contribution\", \"object\": \"TuDudes@gmail.com - Testnet Asimov: Phase 2 - 0 points\"}}]"}}, {"model": "admin.logentry", "pk": 36, "fields": {"action_time": "2025-05-22T17:13:25.637Z", "user": 1, "content_type": 13, "object_id": "9", "object_repr": "firstset@gmail.com", "action_flag": 2, "change_message": "[{\"added\": {\"name\": \"contribution\", \"object\": \"firstset@gmail.com - Testnet - 0 points\"}}, {\"added\": {\"name\": \"contribution\", \"object\": \"firstset@gmail.com - Testnet Asimov - 0 points\"}}, {\"added\": {\"name\": \"contribution\", \"object\": \"firstset@gmail.com - Node Upgrade - 0 points\"}}, {\"added\": {\"name\": \"contribution\", \"object\": \"firstset@gmail.com - Validator - 0 points\"}}, {\"added\": {\"name\": \"contribution\", \"object\": \"firstset@gmail.com - Uptime - 0 points\"}}, {\"added\": {\"name\": \"contribution\", \"object\": \"firstset@gmail.com - Testnet Asimov: Phase 2 - 0 points\"}}]"}}, {"model": "admin.logentry", "pk": 37, "fields": {"action_time": "2025-05-22T17:13:44.466Z", "user": 1, "content_type": 13, "object_id": "3", "object_repr": "node.monster@gmail.com", "action_flag": 2, "change_message": "[{\"added\": {\"name\": \"contribution\", \"object\": \"node.monster@gmail.com - Testnet - 0 points\"}}, {\"added\": {\"name\": \"contribution\", \"object\": \"node.monster@gmail.com - Testnet Asimov - 0 points\"}}, {\"added\": {\"name\": \"contribution\", \"object\": \"node.monster@gmail.com - Node Upgrade - 0 points\"}}, {\"added\": {\"name\": \"contribution\", \"object\": \"node.monster@gmail.com - Validator - 0 points\"}}, {\"added\": {\"name\": \"contribution\", \"object\": \"node.monster@gmail.com - Uptime - 0 points\"}}, {\"added\": {\"name\": \"contribution\", \"object\": \"node.monster@gmail.com - Testnet Asimov: Phase 2 - 0 points\"}}]"}}, {"model": "admin.logentry", "pk": 38, "fields": {"action_time": "2025-05-22T17:14:53.889Z", "user": 1, "content_type": 13, "object_id": "8", "object_repr": "CoinagexDAIC@gmail.com", "action_flag": 2, "change_message": "[{\"changed\": {\"name\": \"contribution\", \"object\": \"CoinagexDAIC@gmail.com - Node Upgrade - 1 points\", \"fields\": [\"Contribution date\"]}}, {\"changed\": {\"name\": \"contribution\", \"object\": \"CoinagexDAIC@gmail.com - Testnet - 1 points\", \"fields\": [\"Contribution date\"]}}, {\"changed\": {\"name\": \"contribution\", \"object\": \"CoinagexDAIC@gmail.com - Testnet Asimov - 1 points\", \"fields\": [\"Contribution date\"]}}, {\"changed\": {\"name\": \"contribution\", \"object\": \"CoinagexDAIC@gmail.com - Testnet Asimov: Phase 2 - 1 points\", \"fields\": [\"Contribution date\"]}}, {\"changed\": {\"name\": \"contribution\", \"object\": \"CoinagexDAIC@gmail.com - Validator - 1 points\", \"fields\": [\"Contribution date\"]}}, {\"changed\": {\"name\": \"contribution\", \"object\": \"CoinagexDAIC@gmail.com - Uptime - 1 points\", \"fields\": [\"Contribution date\"]}}]"}}, {"model": "admin.logentry", "pk": 39, "fields": {"action_time": "2025-05-22T17:15:22.324Z", "user": 1, "content_type": 13, "object_id": "8", "object_repr": "CoinagexDAIC@gmail.com", "action_flag": 2, "change_message": "[{\"changed\": {\"name\": \"contribution\", \"object\": \"CoinagexDAIC@gmail.com - Node Upgrade - 1 points\", \"fields\": [\"Contribution date\"]}}, {\"changed\": {\"name\": \"contribution\", \"object\": \"CoinagexDAIC@gmail.com - Testnet - 1 points\", \"fields\": [\"Contribution date\"]}}, {\"changed\": {\"name\": \"contribution\", \"object\": \"CoinagexDAIC@gmail.com - Testnet Asimov - 1 points\", \"fields\": [\"Contribution date\"]}}, {\"changed\": {\"name\": \"contribution\", \"object\": \"CoinagexDAIC@gmail.com - Testnet Asimov: Phase 2 - 1 points\", \"fields\": [\"Contribution date\"]}}, {\"changed\": {\"name\": \"contribution\", \"object\": \"CoinagexDAIC@gmail.com - Validator - 1 points\", \"fields\": [\"Contribution date\"]}}, {\"changed\": {\"name\": \"contribution\", \"object\": \"CoinagexDAIC@gmail.com - Uptime - 1 points\", \"fields\": [\"Contribution date\"]}}]"}}, {"model": "admin.logentry", "pk": 40, "fields": {"action_time": "2025-05-22T17:15:43.184Z", "user": 1, "content_type": 13, "object_id": "5", "object_repr": "CroutonDigital@cd.com", "action_flag": 2, "change_message": "[{\"changed\": {\"name\": \"contribution\", \"object\": \"CroutonDigital@cd.com - Testnet Asimov: Phase 2 - 0 points\", \"fields\": [\"Contribution date\"]}}, {\"changed\": {\"name\": \"contribution\", \"object\": \"CroutonDigital@cd.com - Uptime - 0 points\", \"fields\": [\"Contribution date\"]}}, {\"changed\": {\"name\": \"contribution\", \"object\": \"CroutonDigital@cd.com - Validator - 0 points\", \"fields\": [\"Contribution date\"]}}, {\"changed\": {\"name\": \"contribution\", \"object\": \"CroutonDigital@cd.com - Node Upgrade - 0 points\", \"fields\": [\"Contribution date\"]}}, {\"changed\": {\"name\": \"contribution\", \"object\": \"CroutonDigital@cd.com - Testnet Asimov - 0 points\", \"fields\": [\"Contribution date\"]}}, {\"changed\": {\"name\": \"contribution\", \"object\": \"CroutonDigital@cd.com - Testnet - 0 points\", \"fields\": [\"Contribution date\"]}}]"}}, {"model": "admin.logentry", "pk": 41, "fields": {"action_time": "2025-05-22T17:16:03.904Z", "user": 1, "content_type": 13, "object_id": "6", "object_repr": "Noders@gmail.com", "action_flag": 2, "change_message": "[{\"changed\": {\"name\": \"contribution\", \"object\": \"Noders@gmail.com - Testnet Asimov: Phase 2 - 0 points\", \"fields\": [\"Contribution date\"]}}, {\"changed\": {\"name\": \"contribution\", \"object\": \"Noders@gmail.com - Uptime - 0 points\", \"fields\": [\"Contribution date\"]}}, {\"changed\": {\"name\": \"contribution\", \"object\": \"Noders@gmail.com - Validator - 0 points\", \"fields\": [\"Contribution date\"]}}, {\"changed\": {\"name\": \"contribution\", \"object\": \"Noders@gmail.com - Node Upgrade - 0 points\", \"fields\": [\"Contribution date\"]}}, {\"changed\": {\"name\": \"contribution\", \"object\": \"Noders@gmail.com - Testnet Asimov - 0 points\", \"fields\": [\"Contribution date\"]}}, {\"changed\": {\"name\": \"contribution\", \"object\": \"Noders@gmail.com - Testnet - 0 points\", \"fields\": [\"Contribution date\"]}}]"}}, {"model": "admin.logentry", "pk": 42, "fields": {"action_time": "2025-05-22T17:16:21.751Z", "user": 1, "content_type": 13, "object_id": "7", "object_repr": "SenseiNode@gmail.com", "action_flag": 2, "change_message": "[{\"changed\": {\"name\": \"contribution\", \"object\": \"SenseiNode@gmail.com - Testnet Asimov: Phase 2 - 0 points\", \"fields\": [\"Contribution date\"]}}, {\"changed\": {\"name\": \"contribution\", \"object\": \"SenseiNode@gmail.com - Uptime - 0 points\", \"fields\": [\"Contribution date\"]}}, {\"changed\": {\"name\": \"contribution\", \"object\": \"SenseiNode@gmail.com - Validator - 0 points\", \"fields\": [\"Contribution date\"]}}, {\"changed\": {\"name\": \"contribution\", \"object\": \"SenseiNode@gmail.com - Node Upgrade - 0 points\", \"fields\": [\"Contribution date\"]}}, {\"changed\": {\"name\": \"contribution\", \"object\": \"SenseiNode@gmail.com - Testnet Asimov - 0 points\", \"fields\": [\"Contribution date\"]}}, {\"changed\": {\"name\": \"contribution\", \"object\": \"SenseiNode@gmail.com - Testnet - 0 points\", \"fields\": [\"Contribution date\"]}}]"}}, {"model": "admin.logentry", "pk": 43, "fields": {"action_time": "2025-05-22T17:16:38.618Z", "user": 1, "content_type": 13, "object_id": "4", "object_repr": "TuDudes@gmail.com", "action_flag": 2, "change_message": "[{\"changed\": {\"name\": \"contribution\", \"object\": \"TuDudes@gmail.com - Testnet Asimov: Phase 2 - 0 points\", \"fields\": [\"Contribution date\"]}}, {\"changed\": {\"name\": \"contribution\", \"object\": \"TuDudes@gmail.com - Uptime - 0 points\", \"fields\": [\"Contribution date\"]}}, {\"changed\": {\"name\": \"contribution\", \"object\": \"TuDudes@gmail.com - Validator - 0 points\", \"fields\": [\"Contribution date\"]}}, {\"changed\": {\"name\": \"contribution\", \"object\": \"TuDudes@gmail.com - Node Upgrade - 0 points\", \"fields\": [\"Contribution date\"]}}, {\"changed\": {\"name\": \"contribution\", \"object\": \"TuDudes@gmail.com - Testnet Asimov - 0 points\", \"fields\": [\"Contribution date\"]}}, {\"changed\": {\"name\": \"contribution\", \"object\": \"TuDudes@gmail.com - Testnet - 0 points\", \"fields\": [\"Contribution date\"]}}]"}}, {"model": "admin.logentry", "pk": 44, "fields": {"action_time": "2025-05-22T17:17:02.391Z", "user": 1, "content_type": 13, "object_id": "9", "object_repr": "firstset@gmail.com", "action_flag": 2, "change_message": "[{\"changed\": {\"name\": \"contribution\", \"object\": \"firstset@gmail.com - Testnet Asimov: Phase 2 - 0 points\", \"fields\": [\"Contribution date\"]}}, {\"changed\": {\"name\": \"contribution\", \"object\": \"firstset@gmail.com - Uptime - 0 points\", \"fields\": [\"Contribution date\"]}}, {\"changed\": {\"name\": \"contribution\", \"object\": \"firstset@gmail.com - Validator - 0 points\", \"fields\": [\"Contribution date\"]}}, {\"changed\": {\"name\": \"contribution\", \"object\": \"firstset@gmail.com - Node Upgrade - 0 points\", \"fields\": [\"Contribution date\"]}}, {\"changed\": {\"name\": \"contribution\", \"object\": \"firstset@gmail.com - Testnet Asimov - 0 points\", \"fields\": [\"Contribution date\"]}}, {\"changed\": {\"name\": \"contribution\", \"object\": \"firstset@gmail.com - Testnet - 0 points\", \"fields\": [\"Contribution date\"]}}]"}}, {"model": "admin.logentry", "pk": 45, "fields": {"action_time": "2025-05-22T17:17:35.838Z", "user": 1, "content_type": 13, "object_id": "3", "object_repr": "node.monster@gmail.com", "action_flag": 2, "change_message": "[{\"changed\": {\"name\": \"contribution\", \"object\": \"node.monster@gmail.com - Testnet Asimov: Phase 2 - 0 points\", \"fields\": [\"Contribution date\"]}}, {\"changed\": {\"name\": \"contribution\", \"object\": \"node.monster@gmail.com - Uptime - 0 points\", \"fields\": [\"Contribution date\"]}}, {\"changed\": {\"name\": \"contribution\", \"object\": \"node.monster@gmail.com - Validator - 0 points\", \"fields\": [\"Contribution date\"]}}, {\"changed\": {\"name\": \"contribution\", \"object\": \"node.monster@gmail.com - Node Upgrade - 0 points\", \"fields\": [\"Contribution date\"]}}, {\"changed\": {\"name\": \"contribution\", \"object\": \"node.monster@gmail.com - Testnet Asimov - 0 points\", \"fields\": [\"Contribution date\"]}}, {\"changed\": {\"name\": \"contribution\", \"object\": \"node.monster@gmail.com - Testnet - 0 points\", \"fields\": [\"Contribution date\"]}}]"}}, {"model": "admin.logentry", "pk": 46, "fields": {"action_time": "2025-05-22T19:05:02.237Z", "user": 1, "content_type": 15, "object_id": "1", "object_repr": "Testnet", "action_flag": 2, "change_message": "[{\"changed\": {\"name\": \"global leaderboard multiplier\", \"object\": \"Testnet: 1000.0x (from 2025-05-01 17:10)\", \"fields\": [\"Multiplier value\"]}}]"}}, {"model": "admin.logentry", "pk": 47, "fields": {"action_time": "2025-05-22T19:05:07.969Z", "user": 1, "content_type": 15, "object_id": "2", "object_repr": "Testnet Asimov", "action_flag": 2, "change_message": "[{\"changed\": {\"name\": \"global leaderboard multiplier\", \"object\": \"Testnet Asimov: 1000x (from 2025-05-01 17:10)\", \"fields\": [\"Multiplier value\"]}}]"}}, {"model": "admin.logentry", "pk": 48, "fields": {"action_time": "2025-05-22T19:05:15.378Z", "user": 1, "content_type": 15, "object_id": "3", "object_repr": "Node Upgrade", "action_flag": 2, "change_message": "[{\"changed\": {\"name\": \"global leaderboard multiplier\", \"object\": \"Node Upgrade: 100x (from 2025-05-01 17:10)\", \"fields\": [\"Multiplier value\"]}}]"}}, {"model": "admin.logentry", "pk": 49, "fields": {"action_time": "2025-05-22T19:05:45.988Z", "user": 1, "content_type": 15, "object_id": "4", "object_repr": "Bug Report", "action_flag": 2, "change_message": "[{\"changed\": {\"name\": \"global leaderboard multiplier\", \"object\": \"Bug Report: 20x (from 2025-05-01 17:10)\", \"fields\": [\"Multiplier value\"]}}]"}}, {"model": "admin.logentry", "pk": 50, "fields": {"action_time": "2025-05-22T19:05:53.749Z", "user": 1, "content_type": 15, "object_id": "5", "object_repr": "Validator", "action_flag": 2, "change_message": "[{\"changed\": {\"name\": \"global leaderboard multiplier\", \"object\": \"Validator: 1000x (from 2025-05-01 17:10)\", \"fields\": [\"Multiplier value\"]}}]"}}, {"model": "admin.logentry", "pk": 51, "fields": {"action_time": "2025-05-22T19:05:58.981Z", "user": 1, "content_type": 15, "object_id": "6", "object_repr": "Uptime", "action_flag": 2, "change_message": "[]"}}, {"model": "admin.logentry", "pk": 52, "fields": {"action_time": "2025-05-22T19:06:03.502Z", "user": 1, "content_type": 15, "object_id": "7", "object_repr": "Testnet Asimov: Phase 2", "action_flag": 2, "change_message": "[{\"changed\": {\"name\": \"global leaderboard multiplier\", \"object\": \"Testnet Asimov: Phase 2: 1000x (from 2025-05-01 17:10)\", \"fields\": [\"Multiplier value\"]}}]"}}, {"model": "admin.logentry", "pk": 53, "fields": {"action_time": "2025-05-22T19:58:58.085Z", "user": 1, "content_type": 15, "object_id": "5", "object_repr": "Validator", "action_flag": 2, "change_message": "[{\"changed\": {\"fields\": [\"Description\"]}}]"}}, {"model": "admin.logentry", "pk": 54, "fields": {"action_time": "2025-05-22T20:32:01.541Z", "user": 1, "content_type": 15, "object_id": "8", "object_repr": "Blog Post", "action_flag": 1, "change_message": "[{\"added\": {}}, {\"added\": {\"name\": \"global leaderboard multiplier\", \"object\": \"Blog Post: 1.0x (from 2025-05-22 20:31)\"}}]"}}, {"model": "admin.logentry", "pk": 55, "fields": {"action_time": "2025-05-22T21:32:47.511Z", "user": 1, "content_type": 13, "object_id": "1", "object_repr": "admin@admin.com", "action_flag": 2, "change_message": "[{\"deleted\": {\"name\": \"contribution\", \"object\": \"admin@admin.com - Node Upgrade - 2 points\"}}]"}}, {"model": "admin.logentry", "pk": 56, "fields": {"action_time": "2025-05-22T21:34:56.661Z", "user": 1, "content_type": 13, "object_id": "1", "object_repr": "admin@admin.com", "action_flag": 2, "change_message": "[{\"changed\": {\"fields\": [\"Visible\"]}}]"}}, {"model": "admin.logentry", "pk": 57, "fields": {"action_time": "2025-05-22T21:35:00.198Z", "user": 1, "content_type": 13, "object_id": "2", "object_repr": "admin@example.com", "action_flag": 2, "change_message": "[{\"changed\": {\"fields\": [\"Visible\"]}}]"}}, {"model": "admin.logentry", "pk": 58, "fields": {"action_time": "2025-05-22T21:36:35.401Z", "user": 1, "content_type": 16, "object_id": "62", "object_repr": "admin@admin.com - 200 points - Rank: 2", "action_flag": 3, "change_message": ""}}, {"model": "admin.logentry", "pk": 59, "fields": {"action_time": "2025-05-23T10:21:19.351Z", "user": 1, "content_type": 15, "object_id": "9", "object_repr": "Validator Logs", "action_flag": 1, "change_message": "[{\"added\": {}}, {\"added\": {\"name\": \"global leaderboard multiplier\", \"object\": \"Validator Logs: 30x (from 2025-03-01 10:21)\"}}]"}}, {"model": "admin.logentry", "pk": 60, "fields": {"action_time": "2025-05-23T10:21:59.096Z", "user": 1, "content_type": 15, "object_id": "8", "object_repr": "Blog Post", "action_flag": 2, "change_message": "[{\"changed\": {\"fields\": [\"Description\"]}}, {\"changed\": {\"name\": \"global leaderboard multiplier\", \"object\": \"Blog Post: 20x (from 2025-05-22 20:31)\", \"fields\": [\"Multiplier value\"]}}]"}}, {"model": "admin.logentry", "pk": 61, "fields": {"action_time": "2025-05-23T10:35:40.450Z", "user": 1, "content_type": 13, "object_id": "3", "object_repr": "node.monster@gmail.com", "action_flag": 2, "change_message": "[{\"changed\": {\"fields\": [\"Address\"]}}]"}}, {"model": "admin.logentry", "pk": 62, "fields": {"action_time": "2025-05-23T10:38:51.552Z", "user": 1, "content_type": 13, "object_id": "9", "object_repr": "firstset@gmail.com", "action_flag": 2, "change_message": "[{\"changed\": {\"fields\": [\"Address\"]}}]"}}, {"model": "admin.logentry", "pk": 63, "fields": {"action_time": "2025-05-23T10:38:58.832Z", "user": 1, "content_type": 13, "object_id": "2", "object_repr": "admin@example.com", "action_flag": 2, "change_message": "[{\"changed\": {\"fields\": [\"Address\"]}}]"}}, {"model": "admin.logentry", "pk": 64, "fields": {"action_time": "2025-05-23T11:49:14.196Z", "user": 1, "content_type": 13, "object_id": "11", "object_repr": "0x083d00@ethereum.address", "action_flag": 3, "change_message": ""}}, {"model": "admin.logentry", "pk": 65, "fields": {"action_time": "2025-05-23T12:49:22.518Z", "user": 1, "content_type": 15, "object_id": "9", "object_repr": "Validator Logs", "action_flag": 2, "change_message": "[{\"changed\": {\"name\": \"global leaderboard multiplier\", \"object\": \"Validator Logs: 10x (from 2025-03-01 10:21)\", \"fields\": [\"Multiplier value\"]}}]"}}, {"model": "admin.logentry", "pk": 66, "fields": {"action_time": "2025-05-23T12:49:30.072Z", "user": 1, "content_type": 15, "object_id": "9", "object_repr": "Validator Logs", "action_flag": 2, "change_message": "[]"}}, {"model": "admin.logentry", "pk": 67, "fields": {"action_time": "2025-05-23T13:04:48.846Z", "user": 1, "content_type": 15, "object_id": "8", "object_repr": "Blog Post", "action_flag": 2, "change_message": "[{\"changed\": {\"fields\": [\"Min points\", \"Max points\"]}}]"}}, {"model": "admin.logentry", "pk": 68, "fields": {"action_time": "2025-05-23T13:05:05.501Z", "user": 1, "content_type": 15, "object_id": "9", "object_repr": "Validator Logs", "action_flag": 2, "change_message": "[{\"changed\": {\"fields\": [\"Min points\", \"Max points\"]}}]"}}, {"model": "admin.logentry", "pk": 69, "fields": {"action_time": "2025-05-23T13:05:27.129Z", "user": 1, "content_type": 15, "object_id": "8", "object_repr": "Blog Post", "action_flag": 2, "change_message": "[{\"changed\": {\"fields\": [\"Description\"]}}]"}}, {"model": "admin.logentry", "pk": 70, "fields": {"action_time": "2025-05-23T13:05:35.223Z", "user": 1, "content_type": 15, "object_id": "7", "object_repr": "Testnet Asimov: Phase 2", "action_flag": 2, "change_message": "[{\"changed\": {\"fields\": [\"Min points\", \"Max points\"]}}]"}}, {"model": "admin.logentry", "pk": 71, "fields": {"action_time": "2025-05-23T13:05:39.468Z", "user": 1, "content_type": 15, "object_id": "6", "object_repr": "Uptime", "action_flag": 2, "change_message": "[{\"changed\": {\"fields\": [\"Min points\", \"Max points\"]}}]"}}, {"model": "admin.logentry", "pk": 72, "fields": {"action_time": "2025-05-23T13:05:44.446Z", "user": 1, "content_type": 15, "object_id": "5", "object_repr": "Validator", "action_flag": 2, "change_message": "[{\"changed\": {\"fields\": [\"Min points\", \"Max points\"]}}]"}}, {"model": "admin.logentry", "pk": 73, "fields": {"action_time": "2025-05-23T13:05:53.196Z", "user": 1, "content_type": 15, "object_id": "4", "object_repr": "Bug Report", "action_flag": 2, "change_message": "[{\"changed\": {\"fields\": [\"Min points\", \"Max points\"]}}]"}}, {"model": "admin.logentry", "pk": 74, "fields": {"action_time": "2025-05-23T13:06:41.993Z", "user": 1, "content_type": 15, "object_id": "3", "object_repr": "Node Upgrade", "action_flag": 2, "change_message": "[{\"changed\": {\"fields\": [\"Description\", \"Min points\", \"Max points\"]}}]"}}, {"model": "admin.logentry", "pk": 75, "fields": {"action_time": "2025-05-23T13:06:47.214Z", "user": 1, "content_type": 15, "object_id": "2", "object_repr": "Testnet Asimov", "action_flag": 2, "change_message": "[{\"changed\": {\"fields\": [\"Min points\", \"Max points\"]}}]"}}, {"model": "admin.logentry", "pk": 76, "fields": {"action_time": "2025-05-23T13:06:52.511Z", "user": 1, "content_type": 15, "object_id": "1", "object_repr": "Testnet", "action_flag": 2, "change_message": "[{\"changed\": {\"fields\": [\"Min points\", \"Max points\"]}}]"}}, {"model": "admin.logentry", "pk": 77, "fields": {"action_time": "2025-05-23T13:09:09.720Z", "user": 1, "content_type": 15, "object_id": "9", "object_repr": "Validator Logs", "action_flag": 2, "change_message": "[{\"changed\": {\"name\": \"global leaderboard multiplier\", \"object\": \"Validator Logs: 5x (from 2025-03-01 10:21)\", \"fields\": [\"Multiplier value\"]}}]"}}, {"model": "admin.logentry", "pk": 78, "fields": {"action_time": "2025-05-23T13:09:11.599Z", "user": 1, "content_type": 15, "object_id": "8", "object_repr": "Blog Post", "action_flag": 2, "change_message": "[{\"changed\": {\"name\": \"global leaderboard multiplier\", \"object\": \"Blog Post: 20.00x (from 2025-03-01 20:31)\", \"fields\": [\"Valid from\"]}}]"}}, {"model": "admin.logentry", "pk": 79, "fields": {"action_time": "2025-05-23T13:09:13.496Z", "user": 1, "content_type": 15, "object_id": "7", "object_repr": "Testnet Asimov: Phase 2", "action_flag": 2, "change_message": "[{\"changed\": {\"name\": \"global leaderboard multiplier\", \"object\": \"Testnet Asimov: Phase 2: 500x (from 2025-03-01 17:10)\", \"fields\": [\"Multiplier value\", \"Valid from\"]}}]"}}, {"model": "admin.logentry", "pk": 80, "fields": {"action_time": "2025-05-23T13:09:15.879Z", "user": 1, "content_type": 15, "object_id": "6", "object_repr": "Uptime", "action_flag": 2, "change_message": "[{\"changed\": {\"name\": \"global leaderboard multiplier\", \"object\": \"Uptime: 1.00x (from 2025-03-01 17:10)\", \"fields\": [\"Valid from\"]}}]"}}, {"model": "admin.logentry", "pk": 81, "fields": {"action_time": "2025-05-23T13:09:18.263Z", "user": 1, "content_type": 15, "object_id": "5", "object_repr": "Validator", "action_flag": 2, "change_message": "[{\"changed\": {\"name\": \"global leaderboard multiplier\", \"object\": \"Validator: 200x (from 2025-03-01 17:10)\", \"fields\": [\"Multiplier value\", \"Valid from\"]}}]"}}, {"model": "admin.logentry", "pk": 82, "fields": {"action_time": "2025-05-23T13:09:20.191Z", "user": 1, "content_type": 15, "object_id": "4", "object_repr": "Bug Report", "action_flag": 2, "change_message": "[{\"changed\": {\"name\": \"global leaderboard multiplier\", \"object\": \"Bug Report: 20.00x (from 2025-03-01 17:10)\", \"fields\": [\"Valid from\"]}}]"}}, {"model": "admin.logentry", "pk": 83, "fields": {"action_time": "2025-05-23T13:09:22.131Z", "user": 1, "content_type": 15, "object_id": "3", "object_repr": "Node Upgrade", "action_flag": 2, "change_message": "[{\"changed\": {\"fields\": [\"Max points\"]}}, {\"changed\": {\"name\": \"global leaderboard multiplier\", \"object\": \"Node Upgrade: 10x (from 2025-03-01 17:10)\", \"fields\": [\"Multiplier value\", \"Valid from\"]}}]"}}, {"model": "admin.logentry", "pk": 84, "fields": {"action_time": "2025-05-23T13:09:24.711Z", "user": 1, "content_type": 15, "object_id": "2", "object_repr": "Testnet Asimov", "action_flag": 2, "change_message": "[{\"changed\": {\"name\": \"global leaderboard multiplier\", \"object\": \"Testnet Asimov: 200x (from 2025-03-01 17:10)\", \"fields\": [\"Multiplier value\", \"Valid from\"]}}]"}}, {"model": "admin.logentry", "pk": 85, "fields": {"action_time": "2025-05-23T13:09:27.166Z", "user": 1, "content_type": 15, "object_id": "1", "object_repr": "Testnet", "action_flag": 2, "change_message": "[{\"changed\": {\"name\": \"global leaderboard multiplier\", \"object\": \"Testnet: 1000.00x (from 2025-03-01 17:10)\", \"fields\": [\"Valid from\"]}}]"}}, {"model": "admin.logentry", "pk": 86, "fields": {"action_time": "2025-05-23T13:10:36.065Z", "user": 1, "content_type": 15, "object_id": "10", "object_repr": "Backer", "action_flag": 1, "change_message": "[{\"added\": {}}, {\"added\": {\"name\": \"global leaderboard multiplier\", \"object\": \"Backer: 500x (from 2025-03-01 13:10)\"}}]"}}, {"model": "admin.logentry", "pk": 87, "fields": {"action_time": "2025-05-23T13:14:40.808Z", "user": 1, "content_type": 13, "object_id": "8", "object_repr": "CoinagexDAIC@gmail.com", "action_flag": 2, "change_message": "[{\"changed\": {\"fields\": [\"Address\"]}}, {\"added\": {\"name\": \"contribution\", \"object\": \"CoinagexDAIC@gmail.com - Backer - 1 points\"}}]"}}, {"model": "admin.logentry", "pk": 88, "fields": {"action_time": "2025-05-23T13:14:44.114Z", "user": 1, "content_type": 13, "object_id": "5", "object_repr": "CroutonDigital@cd.com", "action_flag": 2, "change_message": "[{\"changed\": {\"fields\": [\"Address\"]}}, {\"added\": {\"name\": \"contribution\", \"object\": \"CroutonDigital@cd.com - Backer - 1 points\"}}, {\"changed\": {\"name\": \"contribution\", \"object\": \"CroutonDigital@cd.com - Node Upgrade - 3 points\", \"fields\": [\"Points\"]}}]"}}, {"model": "admin.logentry", "pk": 89, "fields": {"action_time": "2025-05-23T13:14:45.684Z", "user": 1, "content_type": 13, "object_id": "6", "object_repr": "Noders@gmail.com", "action_flag": 2, "change_message": "[{\"changed\": {\"fields\": [\"Address\"]}}, {\"added\": {\"name\": \"contribution\", \"object\": \"Noders@gmail.com - Backer - 1 points\"}}, {\"changed\": {\"name\": \"contribution\", \"object\": \"Noders@gmail.com - Node Upgrade - 3 points\", \"fields\": [\"Points\"]}}]"}}, {"model": "admin.logentry", "pk": 90, "fields": {"action_time": "2025-05-23T13:14:47.396Z", "user": 1, "content_type": 13, "object_id": "10", "object_repr": "PeerSyst@gmail.com", "action_flag": 2, "change_message": "[{\"added\": {\"name\": \"contribution\", \"object\": \"PeerSyst@gmail.com - Backer - 1 points\"}}]"}}, {"model": "admin.logentry", "pk": 91, "fields": {"action_time": "2025-05-23T13:14:49.188Z", "user": 1, "content_type": 13, "object_id": "7", "object_repr": "SenseiNode@gmail.com", "action_flag": 2, "change_message": "[{\"changed\": {\"fields\": [\"Address\"]}}, {\"added\": {\"name\": \"contribution\", \"object\": \"SenseiNode@gmail.com - Backer - 1 points\"}}, {\"changed\": {\"name\": \"contribution\", \"object\": \"SenseiNode@gmail.com - Node Upgrade - 3 points\", \"fields\": [\"Points\"]}}]"}}, {"model": "admin.logentry", "pk": 92, "fields": {"action_time": "2025-05-23T13:14:50.844Z", "user": 1, "content_type": 13, "object_id": "4", "object_repr": "TuDudes@gmail.com", "action_flag": 2, "change_message": "[{\"changed\": {\"fields\": [\"Address\"]}}, {\"added\": {\"name\": \"contribution\", \"object\": \"TuDudes@gmail.com - Backer - 1 points\"}}, {\"changed\": {\"name\": \"contribution\", \"object\": \"TuDudes@gmail.com - Node Upgrade - 3 points\", \"fields\": [\"Points\"]}}]"}}, {"model": "admin.logentry", "pk": 93, "fields": {"action_time": "2025-05-23T13:14:52.670Z", "user": 1, "content_type": 13, "object_id": "9", "object_repr": "firstset@gmail.com", "action_flag": 2, "change_message": "[{\"changed\": {\"fields\": [\"Address\"]}}, {\"added\": {\"name\": \"contribution\", \"object\": \"firstset@gmail.com - Backer - 1 points\"}}, {\"changed\": {\"name\": \"contribution\", \"object\": \"firstset@gmail.com - Node Upgrade - 3 points\", \"fields\": [\"Points\"]}}]"}}, {"model": "admin.logentry", "pk": 94, "fields": {"action_time": "2025-05-23T13:14:54.431Z", "user": 1, "content_type": 13, "object_id": "3", "object_repr": "node.monster@gmail.com", "action_flag": 2, "change_message": "[{\"changed\": {\"fields\": [\"Address\"]}}, {\"added\": {\"name\": \"contribution\", \"object\": \"node.monster@gmail.com - Backer - 1 points\"}}, {\"changed\": {\"name\": \"contribution\", \"object\": \"node.monster@gmail.com - Node Upgrade - 3 points\", \"fields\": [\"Points\"]}}]"}}, {"model": "admin.logentry", "pk": 95, "fields": {"action_time": "2025-05-23T13:43:44.445Z", "user": 1, "content_type": 15, "object_id": "1", "object_repr": "Testnet", "action_flag": 2, "change_message": "[{\"changed\": {\"name\": \"global leaderboard multiplier\", \"object\": \"Testnet: 200x (from 2025-03-01 17:10)\", \"fields\": [\"Multiplier value\"]}}]"}}, {"model": "admin.logentry", "pk": 96, "fields": {"action_time": "2025-05-23T13:50:12.092Z", "user": 1, "content_type": 13, "object_id": "9", "object_repr": "firstset@gmail.com", "action_flag": 2, "change_message": "[{\"added\": {\"name\": \"contribution\", \"object\": \"firstset@gmail.com - Validator Logs - 1 points\"}}, {\"added\": {\"name\": \"contribution\", \"object\": \"firstset@gmail.com - Validator Logs - 1 points\"}}]"}}, {"model": "admin.logentry", "pk": 97, "fields": {"action_time": "2025-05-23T14:07:48.185Z", "user": 1, "content_type": 13, "object_id": "9", "object_repr": "firstset@gmail.com", "action_flag": 2, "change_message": "[{\"added\": {\"name\": \"contribution\", \"object\": \"firstset@gmail.com - Bug Report - 1 points\"}}, {\"added\": {\"name\": \"contribution\", \"object\": \"firstset@gmail.com - Blog Post - 2 points\"}}]"}}, {"model": "admin.logentry", "pk": 98, "fields": {"action_time": "2025-05-23T14:26:38.252Z", "user": 1, "content_type": 21, "object_id": "1", "object_repr": "Evidence for firstset@gmail.com - Blog Post - 2 points", "action_flag": 2, "change_message": "[{\"changed\": {\"fields\": [\"Description\"]}}]"}}, {"model": "admin.logentry", "pk": 99, "fields": {"action_time": "2025-05-23T14:29:53.048Z", "user": 1, "content_type": 14, "object_id": "143", "object_repr": "firstset@gmail.com - Bug Report - 1 points", "action_flag": 2, "change_message": "[{\"added\": {\"name\": \"Evidence\", \"object\": \"Evidence for firstset@gmail.com - Bug Report - 1 points\"}}]"}}, {"model": "admin.logentry", "pk": 100, "fields": {"action_time": "2025-05-23T14:31:00.303Z", "user": 1, "content_type": 13, "object_id": "7", "object_repr": "SenseiNode@gmail.com", "action_flag": 2, "change_message": "[{\"added\": {\"name\": \"contribution\", \"object\": \"SenseiNode@gmail.com - Bug Report - 1 points\"}}, {\"added\": {\"name\": \"contribution\", \"object\": \"SenseiNode@gmail.com - Bug Report - 1 points\"}}]"}}, {"model": "admin.logentry", "pk": 101, "fields": {"action_time": "2025-05-23T14:31:29.379Z", "user": 1, "content_type": 14, "object_id": "145", "object_repr": "SenseiNode@gmail.com - Bug Report - 1 points", "action_flag": 2, "change_message": "[{\"added\": {\"name\": \"Evidence\", \"object\": \"Evidence for SenseiNode@gmail.com - Bug Report - 1 points\"}}]"}}, {"model": "admin.logentry", "pk": 102, "fields": {"action_time": "2025-05-23T14:31:53.590Z", "user": 1, "content_type": 14, "object_id": "146", "object_repr": "SenseiNode@gmail.com - Bug Report - 1 points", "action_flag": 2, "change_message": "[{\"added\": {\"name\": \"Evidence\", \"object\": \"Evidence for SenseiNode@gmail.com - Bug Report - 1 points\"}}]"}}, {"model": "admin.logentry", "pk": 103, "fields": {"action_time": "2025-05-23T14:33:11.272Z", "user": 1, "content_type": 13, "object_id": "3", "object_repr": "node.monster@gmail.com", "action_flag": 2, "change_message": "[{\"added\": {\"name\": \"contribution\", \"object\": \"node.monster@gmail.com - Bug Report - 1 points\"}}]"}}, {"model": "admin.logentry", "pk": 104, "fields": {"action_time": "2025-05-23T14:33:28.889Z", "user": 1, "content_type": 14, "object_id": "147", "object_repr": "node.monster@gmail.com - Bug Report - 1 points", "action_flag": 2, "change_message": "[{\"added\": {\"name\": \"Evidence\", \"object\": \"Evidence for node.monster@gmail.com - Bug Report - 1 points\"}}]"}}, {"model": "admin.logentry", "pk": 105, "fields": {"action_time": "2025-05-23T14:33:56.685Z", "user": 1, "content_type": 13, "object_id": "5", "object_repr": "CroutonDigital@cd.com", "action_flag": 2, "change_message": "[{\"added\": {\"name\": \"contribution\", \"object\": \"CroutonDigital@cd.com - Bug Report - 1 points\"}}]"}}, {"model": "admin.logentry", "pk": 106, "fields": {"action_time": "2025-05-23T14:34:05.685Z", "user": 1, "content_type": 14, "object_id": "148", "object_repr": "CroutonDigital@cd.com - Bug Report - 1 points", "action_flag": 2, "change_message": "[{\"added\": {\"name\": \"Evidence\", \"object\": \"Evidence for CroutonDigital@cd.com - Bug Report - 1 points\"}}]"}}, {"model": "admin.logentry", "pk": 107, "fields": {"action_time": "2025-05-23T14:34:39.976Z", "user": 1, "content_type": 13, "object_id": "4", "object_repr": "TuDudes@gmail.com", "action_flag": 2, "change_message": "[{\"added\": {\"name\": \"contribution\", \"object\": \"TuDudes@gmail.com - Blog Post - 1 points\"}}, {\"added\": {\"name\": \"contribution\", \"object\": \"TuDudes@gmail.com - Blog Post - 1 points\"}}]"}}, {"model": "admin.logentry", "pk": 108, "fields": {"action_time": "2025-05-23T14:35:05.883Z", "user": 1, "content_type": 14, "object_id": "149", "object_repr": "TuDudes@gmail.com - Blog Post - 1 points", "action_flag": 2, "change_message": "[{\"added\": {\"name\": \"Evidence\", \"object\": \"Evidence for TuDudes@gmail.com - Blog Post - 1 points\"}}]"}}, {"model": "admin.logentry", "pk": 109, "fields": {"action_time": "2025-05-23T14:35:13.615Z", "user": 1, "content_type": 14, "object_id": "150", "object_repr": "TuDudes@gmail.com - Blog Post - 1 points", "action_flag": 2, "change_message": "[{\"added\": {\"name\": \"Evidence\", \"object\": \"Evidence for TuDudes@gmail.com - Blog Post - 1 points\"}}]"}}, {"model": "admin.logentry", "pk": 110, "fields": {"action_time": "2025-05-23T14:37:22.217Z", "user": 1, "content_type": 15, "object_id": "7", "object_repr": "Testnet Asimov: Phase 2", "action_flag": 2, "change_message": "[{\"changed\": {\"name\": \"global leaderboard multiplier\", \"object\": \"Testnet Asimov: Phase 2: 200x (from 2025-03-01 17:10)\", \"fields\": [\"Multiplier value\"]}}]"}}, {"model": "admin.logentry", "pk": 111, "fields": {"action_time": "2025-05-23T14:38:33.958Z", "user": 1, "content_type": 13, "object_id": "7", "object_repr": "SenseiNode@gmail.com", "action_flag": 2, "change_message": "[{\"deleted\": {\"name\": \"contribution\", \"object\": \"SenseiNode@gmail.com - Backer - 1 points\"}}]"}}, {"model": "admin.logentry", "pk": 112, "fields": {"action_time": "2025-05-28T15:00:50.355Z", "user": 1, "content_type": 13, "object_id": "2", "object_repr": "admin@example.com", "action_flag": 3, "change_message": ""}}, {"model": "admin.logentry", "pk": 113, "fields": {"action_time": "2025-05-28T15:01:12.839Z", "user": 1, "content_type": 13, "object_id": "1", "object_repr": "ivan@genlayer.foundation", "action_flag": 2, "change_message": "[{\"changed\": {\"fields\": [\"Email\"]}}]"}}, {"model": "admin.logentry", "pk": 114, "fields": {"action_time": "2025-05-28T15:01:34.606Z", "user": 1, "content_type": 13, "object_id": "1", "object_repr": "ivan@genlayer.foundation", "action_flag": 2, "change_message": "[{\"changed\": {\"fields\": [\"Address\"]}}]"}}, {"model": "admin.logentry", "pk": 115, "fields": {"action_time": "2025-05-28T15:01:57.209Z", "user": 1, "content_type": 13, "object_id": "1", "object_repr": "ivan@genlayer.foundation", "action_flag": 2, "change_message": "[{\"changed\": {\"fields\": [\"password\"]}}]"}}, {"model": "auth.permission", "pk": 1, "fields": {"name": "Can add log entry", "content_type": 1, "codename": "add_logentry"}}, {"model": "auth.permission", "pk": 2, "fields": {"name": "Can change log entry", "content_type": 1, "codename": "change_logentry"}}, {"model": "auth.permission", "pk": 3, "fields": {"name": "Can delete log entry", "content_type": 1, "codename": "delete_logentry"}}, {"model": "auth.permission", "pk": 4, "fields": {"name": "Can view log entry", "content_type": 1, "codename": "view_logentry"}}, {"model": "auth.permission", "pk": 5, "fields": {"name": "Can add permission", "content_type": 2, "codename": "add_permission"}}, {"model": "auth.permission", "pk": 6, "fields": {"name": "Can change permission", "content_type": 2, "codename": "change_permission"}}, {"model": "auth.permission", "pk": 7, "fields": {"name": "Can delete permission", "content_type": 2, "codename": "delete_permission"}}, {"model": "auth.permission", "pk": 8, "fields": {"name": "Can view permission", "content_type": 2, "codename": "view_permission"}}, {"model": "auth.permission", "pk": 9, "fields": {"name": "Can add group", "content_type": 3, "codename": "add_group"}}, {"model": "auth.permission", "pk": 10, "fields": {"name": "Can change group", "content_type": 3, "codename": "change_group"}}, {"model": "auth.permission", "pk": 11, "fields": {"name": "Can delete group", "content_type": 3, "codename": "delete_group"}}, {"model": "auth.permission", "pk": 12, "fields": {"name": "Can view group", "content_type": 3, "codename": "view_group"}}, {"model": "auth.permission", "pk": 13, "fields": {"name": "Can add content type", "content_type": 4, "codename": "add_contenttype"}}, {"model": "auth.permission", "pk": 14, "fields": {"name": "Can change content type", "content_type": 4, "codename": "change_contenttype"}}, {"model": "auth.permission", "pk": 15, "fields": {"name": "Can delete content type", "content_type": 4, "codename": "delete_contenttype"}}, {"model": "auth.permission", "pk": 16, "fields": {"name": "Can view content type", "content_type": 4, "codename": "view_contenttype"}}, {"model": "auth.permission", "pk": 17, "fields": {"name": "Can add session", "content_type": 5, "codename": "add_session"}}, {"model": "auth.permission", "pk": 18, "fields": {"name": "Can change session", "content_type": 5, "codename": "change_session"}}, {"model": "auth.permission", "pk": 19, "fields": {"name": "Can delete session", "content_type": 5, "codename": "delete_session"}}, {"model": "auth.permission", "pk": 20, "fields": {"name": "Can view session", "content_type": 5, "codename": "view_session"}}, {"model": "auth.permission", "pk": 21, "fields": {"name": "Can add Token", "content_type": 6, "codename": "add_token"}}, {"model": "auth.permission", "pk": 22, "fields": {"name": "Can change Token", "content_type": 6, "codename": "change_token"}}, {"model": "auth.permission", "pk": 23, "fields": {"name": "Can delete Token", "content_type": 6, "codename": "delete_token"}}, {"model": "auth.permission", "pk": 24, "fields": {"name": "Can view Token", "content_type": 6, "codename": "view_token"}}, {"model": "auth.permission", "pk": 25, "fields": {"name": "Can add Token", "content_type": 7, "codename": "add_tokenproxy"}}, {"model": "auth.permission", "pk": 26, "fields": {"name": "Can change Token", "content_type": 7, "codename": "change_tokenproxy"}}, {"model": "auth.permission", "pk": 27, "fields": {"name": "Can delete Token", "content_type": 7, "codename": "delete_tokenproxy"}}, {"model": "auth.permission", "pk": 28, "fields": {"name": "Can view Token", "content_type": 7, "codename": "view_tokenproxy"}}, {"model": "auth.permission", "pk": 29, "fields": {"name": "Can add action", "content_type": 8, "codename": "add_action"}}, {"model": "auth.permission", "pk": 30, "fields": {"name": "Can change action", "content_type": 8, "codename": "change_action"}}, {"model": "auth.permission", "pk": 31, "fields": {"name": "Can delete action", "content_type": 8, "codename": "delete_action"}}, {"model": "auth.permission", "pk": 32, "fields": {"name": "Can view action", "content_type": 8, "codename": "view_action"}}, {"model": "auth.permission", "pk": 33, "fields": {"name": "Can add leaderboard", "content_type": 9, "codename": "add_leaderboard"}}, {"model": "auth.permission", "pk": 34, "fields": {"name": "Can change leaderboard", "content_type": 9, "codename": "change_leaderboard"}}, {"model": "auth.permission", "pk": 35, "fields": {"name": "Can delete leaderboard", "content_type": 9, "codename": "delete_leaderboard"}}, {"model": "auth.permission", "pk": 36, "fields": {"name": "Can view leaderboard", "content_type": 9, "codename": "view_leaderboard"}}, {"model": "auth.permission", "pk": 37, "fields": {"name": "Can add participant", "content_type": 10, "codename": "add_participant"}}, {"model": "auth.permission", "pk": 38, "fields": {"name": "Can change participant", "content_type": 10, "codename": "change_participant"}}, {"model": "auth.permission", "pk": 39, "fields": {"name": "Can delete participant", "content_type": 10, "codename": "delete_participant"}}, {"model": "auth.permission", "pk": 40, "fields": {"name": "Can view participant", "content_type": 10, "codename": "view_participant"}}, {"model": "auth.permission", "pk": 41, "fields": {"name": "Can add badge", "content_type": 11, "codename": "add_badge"}}, {"model": "auth.permission", "pk": 42, "fields": {"name": "Can change badge", "content_type": 11, "codename": "change_badge"}}, {"model": "auth.permission", "pk": 43, "fields": {"name": "Can delete badge", "content_type": 11, "codename": "delete_badge"}}, {"model": "auth.permission", "pk": 44, "fields": {"name": "Can view badge", "content_type": 11, "codename": "view_badge"}}, {"model": "auth.permission", "pk": 45, "fields": {"name": "Can add leaderboard entry", "content_type": 12, "codename": "add_leaderboardentry"}}, {"model": "auth.permission", "pk": 46, "fields": {"name": "Can change leaderboard entry", "content_type": 12, "codename": "change_leaderboardentry"}}, {"model": "auth.permission", "pk": 47, "fields": {"name": "Can delete leaderboard entry", "content_type": 12, "codename": "delete_leaderboardentry"}}, {"model": "auth.permission", "pk": 48, "fields": {"name": "Can view leaderboard entry", "content_type": 12, "codename": "view_leaderboardentry"}}, {"model": "auth.permission", "pk": 49, "fields": {"name": "Can add user", "content_type": 13, "codename": "add_user"}}, {"model": "auth.permission", "pk": 50, "fields": {"name": "Can change user", "content_type": 13, "codename": "change_user"}}, {"model": "auth.permission", "pk": 51, "fields": {"name": "Can delete user", "content_type": 13, "codename": "delete_user"}}, {"model": "auth.permission", "pk": 52, "fields": {"name": "Can view user", "content_type": 13, "codename": "view_user"}}, {"model": "auth.permission", "pk": 53, "fields": {"name": "Can add contribution", "content_type": 14, "codename": "add_contribution"}}, {"model": "auth.permission", "pk": 54, "fields": {"name": "Can change contribution", "content_type": 14, "codename": "change_contribution"}}, {"model": "auth.permission", "pk": 55, "fields": {"name": "Can delete contribution", "content_type": 14, "codename": "delete_contribution"}}, {"model": "auth.permission", "pk": 56, "fields": {"name": "Can view contribution", "content_type": 14, "codename": "view_contribution"}}, {"model": "auth.permission", "pk": 57, "fields": {"name": "Can add contribution type", "content_type": 15, "codename": "add_contributiontype"}}, {"model": "auth.permission", "pk": 58, "fields": {"name": "Can change contribution type", "content_type": 15, "codename": "change_contributiontype"}}, {"model": "auth.permission", "pk": 59, "fields": {"name": "Can delete contribution type", "content_type": 15, "codename": "delete_contributiontype"}}, {"model": "auth.permission", "pk": 60, "fields": {"name": "Can view contribution type", "content_type": 15, "codename": "view_contributiontype"}}, {"model": "auth.permission", "pk": 61, "fields": {"name": "Can add leaderboard entry", "content_type": 16, "codename": "add_leaderboardentry"}}, {"model": "auth.permission", "pk": 62, "fields": {"name": "Can change leaderboard entry", "content_type": 16, "codename": "change_leaderboardentry"}}, {"model": "auth.permission", "pk": 63, "fields": {"name": "Can delete leaderboard entry", "content_type": 16, "codename": "delete_leaderboardentry"}}, {"model": "auth.permission", "pk": 64, "fields": {"name": "Can view leaderboard entry", "content_type": 16, "codename": "view_leaderboardentry"}}, {"model": "auth.permission", "pk": 65, "fields": {"name": "Can add contribution type multiplier", "content_type": 17, "codename": "add_contributiontypemultiplier"}}, {"model": "auth.permission", "pk": 66, "fields": {"name": "Can change contribution type multiplier", "content_type": 17, "codename": "change_contributiontypemultiplier"}}, {"model": "auth.permission", "pk": 67, "fields": {"name": "Can delete contribution type multiplier", "content_type": 17, "codename": "delete_contributiontypemultiplier"}}, {"model": "auth.permission", "pk": 68, "fields": {"name": "Can view contribution type multiplier", "content_type": 17, "codename": "view_contributiontypemultiplier"}}, {"model": "auth.permission", "pk": 69, "fields": {"name": "Can add multiplier period", "content_type": 18, "codename": "add_multiplierperiod"}}, {"model": "auth.permission", "pk": 70, "fields": {"name": "Can change multiplier period", "content_type": 18, "codename": "change_multiplierperiod"}}, {"model": "auth.permission", "pk": 71, "fields": {"name": "Can delete multiplier period", "content_type": 18, "codename": "delete_multiplierperiod"}}, {"model": "auth.permission", "pk": 72, "fields": {"name": "Can view multiplier period", "content_type": 18, "codename": "view_multiplierperiod"}}, {"model": "auth.permission", "pk": 73, "fields": {"name": "Can add global leaderboard multiplier", "content_type": 19, "codename": "add_globalleaderboardmultiplier"}}, {"model": "auth.permission", "pk": 74, "fields": {"name": "Can change global leaderboard multiplier", "content_type": 19, "codename": "change_globalleaderboardmultiplier"}}, {"model": "auth.permission", "pk": 75, "fields": {"name": "Can delete global leaderboard multiplier", "content_type": 19, "codename": "delete_globalleaderboardmultiplier"}}, {"model": "auth.permission", "pk": 76, "fields": {"name": "Can view global leaderboard multiplier", "content_type": 19, "codename": "view_globalleaderboardmultiplier"}}, {"model": "auth.permission", "pk": 77, "fields": {"name": "Can add nonce", "content_type": 20, "codename": "add_nonce"}}, {"model": "auth.permission", "pk": 78, "fields": {"name": "Can change nonce", "content_type": 20, "codename": "change_nonce"}}, {"model": "auth.permission", "pk": 79, "fields": {"name": "Can delete nonce", "content_type": 20, "codename": "delete_nonce"}}, {"model": "auth.permission", "pk": 80, "fields": {"name": "Can view nonce", "content_type": 20, "codename": "view_nonce"}}, {"model": "auth.permission", "pk": 81, "fields": {"name": "Can add Evidence", "content_type": 21, "codename": "add_evidence"}}, {"model": "auth.permission", "pk": 82, "fields": {"name": "Can change Evidence", "content_type": 21, "codename": "change_evidence"}}, {"model": "auth.permission", "pk": 83, "fields": {"name": "Can delete Evidence", "content_type": 21, "codename": "delete_evidence"}}, {"model": "auth.permission", "pk": 84, "fields": {"name": "Can view Evidence", "content_type": 21, "codename": "view_evidence"}}, {"model": "contenttypes.contenttype", "pk": 1, "fields": {"app_label": "admin", "model": "logentry"}}, {"model": "contenttypes.contenttype", "pk": 2, "fields": {"app_label": "auth", "model": "permission"}}, {"model": "contenttypes.contenttype", "pk": 3, "fields": {"app_label": "auth", "model": "group"}}, {"model": "contenttypes.contenttype", "pk": 4, "fields": {"app_label": "contenttypes", "model": "contenttype"}}, {"model": "contenttypes.contenttype", "pk": 5, "fields": {"app_label": "sessions", "model": "session"}}, {"model": "contenttypes.contenttype", "pk": 6, "fields": {"app_label": "authtoken", "model": "token"}}, {"model": "contenttypes.contenttype", "pk": 7, "fields": {"app_label": "authtoken", "model": "tokenproxy"}}, {"model": "contenttypes.contenttype", "pk": 8, "fields": {"app_label": "api", "model": "action"}}, {"model": "contenttypes.contenttype", "pk": 9, "fields": {"app_label": "api", "model": "leaderboard"}}, {"model": "contenttypes.contenttype", "pk": 10, "fields": {"app_label": "api", "model": "participant"}}, {"model": "contenttypes.contenttype", "pk": 11, "fields": {"app_label": "api", "model": "badge"}}, {"model": "contenttypes.contenttype", "pk": 12, "fields": {"app_label": "api", "model": "leaderboardentry"}}, {"model": "contenttypes.contenttype", "pk": 13, "fields": {"app_label": "users", "model": "user"}}, {"model": "contenttypes.contenttype", "pk": 14, "fields": {"app_label": "contributions", "model": "contribution"}}, {"model": "contenttypes.contenttype", "pk": 15, "fields": {"app_label": "contributions", "model": "contributiontype"}}, {"model": "contenttypes.contenttype", "pk": 16, "fields": {"app_label": "leaderboard", "model": "leaderboardentry"}}, {"model": "contenttypes.contenttype", "pk": 17, "fields": {"app_label": "leaderboard", "model": "contributiontypemultiplier"}}, {"model": "contenttypes.contenttype", "pk": 18, "fields": {"app_label": "leaderboard", "model": "multiplierperiod"}}, {"model": "contenttypes.contenttype", "pk": 19, "fields": {"app_label": "leaderboard", "model": "globalleaderboardmultiplier"}}, {"model": "contenttypes.contenttype", "pk": 20, "fields": {"app_label": "ethereum_auth", "model": "nonce"}}, {"model": "contenttypes.contenttype", "pk": 21, "fields": {"app_label": "contributions", "model": "evidence"}}, {"model": "sessions.session", "pk": "2ecw1hwmfjwqt0ttnxnip1b89l4izilr", "fields": {"session_data": "eyJldGhlcmV1bV9hZGRyZXNzIjoiMHgzYjQ5YjhlZDhiMGY1OWVlYTY4MDVmODc2NzM5MjBmMmZkNDNkYTk3IiwiYXV0aGVudGljYXRlZCI6dHJ1ZX0:1uKI2Y:iKCyZczGvKdpCsgMNWCFLolUn1YI1IXusE6gFW_xfrw", "expire_date": "2025-06-11T14:45:58.199Z"}}, {"model": "sessions.session", "pk": "92otzzz8wjbz8kj2ahlqqgsv2e0o5s5q", "fields": {"session_data": ".eJxVjDsOwjAQBe_iGllr1nEQJT1niNbeZxxAtpRPhbg7REoB7ZuZ9zKDrEsZ1hnTMKo5G2cOv1uU9EDdgN6l3ppNrS7TGO2m2J3O9toUz8vu_h0Umcu3pgwv3ke4jthHJSLOgqSMhCjoOAR1wsrUHV0fkOOJJFGA6xHA5v0BAGQ4lQ:1uIQtM:xlvld3JhQu2J0_L8E2k7zSfSeg7yLKY9HMU41LjYQe8", "expire_date": "2025-06-06T11:48:48.150Z"}}, {"model": "sessions.session", "pk": "y5g013q4cn309rurhi9tary4mdiwkotn", "fields": {"session_data": "eyJldGhlcmV1bV9hZGRyZXNzIjoiMHgwODNkMDBmNWJmNzAxNzZlYzExMTQwMzNjM2U3YzdhY2FjOWI5OTkyIiwiYXV0aGVudGljYXRlZCI6dHJ1ZX0:1uIRjf:c5JyM5zywK5LYL2bg4BN4rr4y0Q6SZqHjMJQT7hh_uU", "expire_date": "2025-06-06T12:42:51.931Z"}}, {"model": "sessions.session", "pk": "z4ijsriif3wt8oq1d33vzdpww1c6yfmo", "fields": {"session_data": ".eJxVjDsOwjAQBe_iGlnx36Gk5wzRrncXB1As5VMh7g6RUkD7Zua91ADbWodt4XkYSZ2VUaffDaE8eNoB3WG6NV3atM4j6l3RB130tRE_L4f7d1Bhqd86Y4reWxsdSw5ERaSE3oAEEMFgpbdiS2dyQXQ2di53mZATJQbvOaj3B_noOJs:1uKII1:l7uDnGRAf4AeIJvqd_QmaAuZB6TYW9XajE7PBIT6yXk", "expire_date": "2025-06-11T15:01:57.216Z"}}, {"model": "users.user", "pk": 1, "fields": {"password": "pbkdf2_sha256$1000000$0Ax49B6oq52hpFJItfafEI$xiZvi2n5iPgBSj4gXIjW5TI6MRWFQA0vgbC7Zs/vUvc=", "last_login": "2025-05-23T11:48:48Z", "is_superuser": true, "first_name": "", "last_name": "", "is_staff": true, "is_active": true, "date_joined": "2025-05-21T15:07:37Z", "created_at": "2025-05-21T15:07:38.375Z", "updated_at": "2025-05-28T15:01:57.207Z", "email": "ivan@genlayer.foundation", "username": "", "name": "Ivan", "address": "0x3B49b8ed8b0f59eea6805F87673920f2Fd43Da97", "visible": false, "groups": [], "user_permissions": []}}, {"model": "users.user", "pk": 3, "fields": {"password": "pbkdf2_sha256$1000000$DOCHqGRKpaSo3yOHJFQnlE$HUJWzNel/G0XpBn9RbQayxDJZyOpj89UT3dV2wdn2bY=", "last_login": null, "is_superuser": false, "first_name": "", "last_name": "", "is_staff": false, "is_active": true, "date_joined": "2025-05-22T16:36:20Z", "created_at": "2025-05-22T16:36:21.820Z", "updated_at": "2025-05-23T14:33:11.262Z", "email": "node.monster@gmail.com", "username": "", "name": "Node Monster", "address": "0x9eae0ee78ecb369751d2fc6e67aff8581303607a", "visible": true, "groups": [], "user_permissions": []}}, {"model": "users.user", "pk": 4, "fields": {"password": "pbkdf2_sha256$1000000$bLZX2eiMGhqLRCFeYaLIs8$B6UKRIKgMfHwa14HFUn8HYR9gFk2Z17u9XguTOhh/LA=", "last_login": null, "is_superuser": false, "first_name": "", "last_name": "", "is_staff": false, "is_active": true, "date_joined": "2025-05-22T16:36:39Z", "created_at": "2025-05-22T16:36:40.335Z", "updated_at": "2025-05-23T14:34:39.962Z", "email": "TuDudes@gmail.com", "username": "", "name": "TuDudes", "address": "0x0174f49e9f740728e651304f2fe1b6ae7c6d4322", "visible": true, "groups": [], "user_permissions": []}}, {"model": "users.user", "pk": 5, "fields": {"password": "pbkdf2_sha256$1000000$sjUvd8QyddX3U5wIZsv8el$/N5HHdTsJzPww/xdZRSbJ+lb1BatTgcLw0OerCp9vek=", "last_login": null, "is_superuser": false, "first_name": "", "last_name": "", "is_staff": false, "is_active": true, "date_joined": "2025-05-22T16:37:07Z", "created_at": "2025-05-22T16:37:08.355Z", "updated_at": "2025-05-23T14:33:56.677Z", "email": "CroutonDigital@cd.com", "username": "", "name": "Crouton Digital", "address": "0xe8AFd4339bb50826AFC63c58f20324b1659a3027", "visible": true, "groups": [], "user_permissions": []}}, {"model": "users.user", "pk": 6, "fields": {"password": "pbkdf2_sha256$1000000$PKelNqsox8aOdKRI8MzJtk$n7bfjGhB6AYyOda2wfW0a5VydgU6hhQGYbFLofcRBDw=", "last_login": null, "is_superuser": false, "first_name": "", "last_name": "", "is_staff": false, "is_active": true, "date_joined": "2025-05-22T16:37:26Z", "created_at": "2025-05-22T16:37:26.904Z", "updated_at": "2025-05-23T13:14:45.671Z", "email": "Noders@gmail.com", "username": "", "name": "Noders", "address": "0x028C5D8C12B0F2d17cA3727899b70Dee019d00A0", "visible": true, "groups": [], "user_permissions": []}}, {"model": "users.user", "pk": 7, "fields": {"password": "pbkdf2_sha256$1000000$7oCn2y1fpmWjFWOO9UoNwR$TEgt07BZYbFM8xp9S527VcmZMMRzHaC45J/BRCuTu8I=", "last_login": null, "is_superuser": false, "first_name": "", "last_name": "", "is_staff": false, "is_active": true, "date_joined": "2025-05-22T16:37:44Z", "created_at": "2025-05-22T16:37:45.349Z", "updated_at": "2025-05-23T14:38:33.954Z", "email": "SenseiNode@gmail.com", "username": "", "name": "Sensei Node", "address": "0x50251E2912AF69258D23a7898978B43094141e1E", "visible": true, "groups": [], "user_permissions": []}}, {"model": "users.user", "pk": 8, "fields": {"password": "pbkdf2_sha256$1000000$fyvDEF5S23vZuKAXCZBv3Z$1K4nrrSa79LKhTtb8ON242csbtZAh8QpkyaUYIO8cm8=", "last_login": null, "is_superuser": false, "first_name": "", "last_name": "", "is_staff": false, "is_active": true, "date_joined": "2025-05-22T16:38:18Z", "created_at": "2025-05-22T16:38:19.017Z", "updated_at": "2025-05-23T13:14:40.795Z", "email": "CoinagexDAIC@gmail.com", "username": "", "name": "Coinage x DAIC", "address": "0x1a7ab0600c8819e5e259650eaa3aed94782e0102", "visible": true, "groups": [], "user_permissions": []}}, {"model": "users.user", "pk": 9, "fields": {"password": "pbkdf2_sha256$1000000$CxwWJRs82k3OOleh6ntQU4$zZ7YgxRj0jxOH2NZxiLltXqvf0sYpMIMKyp1C+YE4cc=", "last_login": null, "is_superuser": false, "first_name": "", "last_name": "", "is_staff": false, "is_active": true, "date_joined": "2025-05-22T16:38:55Z", "created_at": "2025-05-22T16:38:55.870Z", "updated_at": "2025-05-23T14:07:48.159Z", "email": "firstset@gmail.com", "username": "", "name": "FirstSet", "address": "0x1f87ac67Ff22cafc5c0c0C4731412646F4E66f0E", "visible": true, "groups": [], "user_permissions": []}}, {"model": "users.user", "pk": 10, "fields": {"password": "pbkdf2_sha256$1000000$4YKHRnMKUnhVo7O6mGPNCc$aCJnfR/QimSmgbKmmi7X0OsxvHHD9XoUmneHu+9LK3E=", "last_login": null, "is_superuser": false, "first_name": "", "last_name": "", "is_staff": false, "is_active": true, "date_joined": "2025-05-22T16:39:19Z", "created_at": "2025-05-22T16:39:20.266Z", "updated_at": "2025-05-23T13:14:47.386Z", "email": "PeerSyst@gmail.com", "username": "", "name": "PeerSyst", "address": "empty_10", "visible": true, "groups": [], "user_permissions": []}}, {"model": "users.user", "pk": 12, "fields": {"password": "", "last_login": null, "is_superuser": false, "first_name": "", "last_name": "", "is_staff": false, "is_active": true, "date_joined": "2025-05-23T12:33:51.946Z", "created_at": "2025-05-23T12:33:51.946Z", "updated_at": "2025-05-23T12:33:51.946Z", "email": "0x083d00@ethereum.address", "username": "0x083d00f5", "name": "", "address": "0x083d00f5bf70176ec1114033c3e7c7acac9b9992", "visible": true, "groups": [], "user_permissions": []}}, {"model": "users.user", "pk": 13, "fields": {"password": "", "last_login": null, "is_superuser": false, "first_name": "", "last_name": "", "is_staff": false, "is_active": true, "date_joined": "2025-05-28T14:45:58.187Z", "created_at": "2025-05-28T14:45:58.189Z", "updated_at": "2025-05-28T14:45:58.189Z", "email": "0x3b49b8@ethereum.address", "username": "0x3b49b8ed", "name": "", "address": "0x3b49b8ed8b0f59eea6805f87673920f2fd43da97", "visible": true, "groups": [], "user_permissions": []}}, {"model": "contributions.contributiontype", "pk": 1, "fields": {"created_at": "2025-05-21T15:08:27.176Z", "updated_at": "2025-05-23T13:43:44.442Z", "name": "Testnet", "description": "", "min_points": 1, "max_points": 1}}, {"model": "contributions.contributiontype", "pk": 2, "fields": {"created_at": "2025-05-21T15:08:37.234Z", "updated_at": "2025-05-23T13:09:24.710Z", "name": "Testnet Asimov", "description": "", "min_points": 1, "max_points": 1}}, {"model": "contributions.contributiontype", "pk": 3, "fields": {"created_at": "2025-05-21T15:08:52.052Z", "updated_at": "2025-05-23T13:09:22.128Z", "name": "Node Upgrade", "description": "Points are assigned based on upgrade time", "min_points": 1, "max_points": 4}}, {"model": "contributions.contributiontype", "pk": 4, "fields": {"created_at": "2025-05-21T15:08:57.849Z", "updated_at": "2025-05-23T13:09:20.188Z", "name": "Bug Report", "description": "", "min_points": 1, "max_points": 10}}, {"model": "contributions.contributiontype", "pk": 5, "fields": {"created_at": "2025-05-22T16:30:11.158Z", "updated_at": "2025-05-23T13:09:18.261Z", "name": "Validator", "description": "One time badge for Validating your first transaction.", "min_points": 1, "max_points": 1}}, {"model": "contributions.contributiontype", "pk": 6, "fields": {"created_at": "2025-05-22T16:30:34.549Z", "updated_at": "2025-05-23T13:09:15.878Z", "name": "Uptime", "description": "", "min_points": 1, "max_points": 1}}, {"model": "contributions.contributiontype", "pk": 7, "fields": {"created_at": "2025-05-22T16:30:44.601Z", "updated_at": "2025-05-23T14:37:22.215Z", "name": "Testnet Asimov: Phase 2", "description": "", "min_points": 1, "max_points": 1}}, {"model": "contributions.contributiontype", "pk": 8, "fields": {"created_at": "2025-05-22T20:32:01.530Z", "updated_at": "2025-05-23T13:09:11.598Z", "name": "Blog Post", "description": "Points assigned based on novelty, complexity and impact.", "min_points": 1, "max_points": 10}}, {"model": "contributions.contributiontype", "pk": 9, "fields": {"created_at": "2025-05-23T10:21:19.347Z", "updated_at": "2025-05-23T13:09:09.718Z", "name": "Validator Logs", "description": "During the early stages of the node Validators should submit logs weekly.", "min_points": 1, "max_points": 1}}, {"model": "contributions.contributiontype", "pk": 10, "fields": {"created_at": "2025-05-23T13:10:36.064Z", "updated_at": "2025-05-23T13:10:36.064Z", "name": "Backer", "description": "", "min_points": 1, "max_points": 1}}, {"model": "contributions.contribution", "pk": 2, "fields": {"created_at": "2025-05-22T17:11:20.278Z", "updated_at": "2025-05-22T17:15:22.300Z", "user": 8, "contribution_type": 1, "points": 1, "frozen_global_points": 200, "multiplier_at_creation": "200.00", "contribution_date": "2025-05-09T16:54:33Z", "notes": ""}}, {"model": "contributions.contribution", "pk": 3, "fields": {"created_at": "2025-05-22T17:11:20.283Z", "updated_at": "2025-05-22T17:15:22.305Z", "user": 8, "contribution_type": 2, "points": 1, "frozen_global_points": 200, "multiplier_at_creation": "200.00", "contribution_date": "2025-05-09T16:54:31Z", "notes": ""}}, {"model": "contributions.contribution", "pk": 4, "fields": {"created_at": "2025-05-22T17:11:20.289Z", "updated_at": "2025-05-22T17:15:22.309Z", "user": 8, "contribution_type": 7, "points": 1, "frozen_global_points": 200, "multiplier_at_creation": "200.00", "contribution_date": "2025-05-09T16:54:29Z", "notes": ""}}, {"model": "contributions.contribution", "pk": 5, "fields": {"created_at": "2025-05-22T17:11:20.295Z", "updated_at": "2025-05-22T17:15:22.292Z", "user": 8, "contribution_type": 3, "points": 1, "frozen_global_points": 10, "multiplier_at_creation": "10.00", "contribution_date": "2025-05-22T16:54:28Z", "notes": ""}}, {"model": "contributions.contribution", "pk": 6, "fields": {"created_at": "2025-05-22T17:11:20.300Z", "updated_at": "2025-05-22T17:15:22.314Z", "user": 8, "contribution_type": 5, "points": 1, "frozen_global_points": 200, "multiplier_at_creation": "200.00", "contribution_date": "2025-05-09T16:54:27Z", "notes": ""}}, {"model": "contributions.contribution", "pk": 7, "fields": {"created_at": "2025-05-22T17:11:20.303Z", "updated_at": "2025-05-22T17:15:22.319Z", "user": 8, "contribution_type": 6, "points": 1, "frozen_global_points": 1, "multiplier_at_creation": "1.00", "contribution_date": "2025-05-09T16:54:26Z", "notes": ""}}, {"model": "contributions.contribution", "pk": 8, "fields": {"created_at": "2025-05-22T17:11:56.047Z", "updated_at": "2025-05-22T17:15:43.180Z", "user": 5, "contribution_type": 1, "points": 1, "frozen_global_points": 200, "multiplier_at_creation": "200.00", "contribution_date": "2025-05-06T17:11:56Z", "notes": ""}}, {"model": "contributions.contribution", "pk": 9, "fields": {"created_at": "2025-05-22T17:11:56.055Z", "updated_at": "2025-05-22T17:15:43.175Z", "user": 5, "contribution_type": 2, "points": 1, "frozen_global_points": 200, "multiplier_at_creation": "200.00", "contribution_date": "2025-05-06T17:11:56Z", "notes": ""}}, {"model": "contributions.contribution", "pk": 10, "fields": {"created_at": "2025-05-22T17:11:56.060Z", "updated_at": "2025-05-23T13:14:44.103Z", "user": 5, "contribution_type": 3, "points": 3, "frozen_global_points": 30, "multiplier_at_creation": "10.00", "contribution_date": "2025-05-06T17:11:56Z", "notes": ""}}, {"model": "contributions.contribution", "pk": 11, "fields": {"created_at": "2025-05-22T17:11:56.064Z", "updated_at": "2025-05-22T17:15:43.166Z", "user": 5, "contribution_type": 5, "points": 1, "frozen_global_points": 200, "multiplier_at_creation": "200.00", "contribution_date": "2025-05-06T17:11:56Z", "notes": ""}}, {"model": "contributions.contribution", "pk": 12, "fields": {"created_at": "2025-05-22T17:11:56.067Z", "updated_at": "2025-05-22T17:15:43.160Z", "user": 5, "contribution_type": 6, "points": 1, "frozen_global_points": 1, "multiplier_at_creation": "1.00", "contribution_date": "2025-05-06T17:11:56Z", "notes": ""}}, {"model": "contributions.contribution", "pk": 13, "fields": {"created_at": "2025-05-22T17:11:56.071Z", "updated_at": "2025-05-22T17:15:43.154Z", "user": 5, "contribution_type": 7, "points": 1, "frozen_global_points": 200, "multiplier_at_creation": "200.00", "contribution_date": "2025-05-21T17:11:56Z", "notes": ""}}, {"model": "contributions.contribution", "pk": 14, "fields": {"created_at": "2025-05-22T17:12:27.201Z", "updated_at": "2025-05-22T17:16:03.898Z", "user": 6, "contribution_type": 1, "points": 1, "frozen_global_points": 200, "multiplier_at_creation": "200.00", "contribution_date": "2025-05-12T17:12:27Z", "notes": ""}}, {"model": "contributions.contribution", "pk": 15, "fields": {"created_at": "2025-05-22T17:12:27.208Z", "updated_at": "2025-05-22T17:16:03.893Z", "user": 6, "contribution_type": 2, "points": 1, "frozen_global_points": 200, "multiplier_at_creation": "200.00", "contribution_date": "2025-05-12T17:12:27Z", "notes": ""}}, {"model": "contributions.contribution", "pk": 16, "fields": {"created_at": "2025-05-22T17:12:27.213Z", "updated_at": "2025-05-23T13:14:45.674Z", "user": 6, "contribution_type": 3, "points": 3, "frozen_global_points": 30, "multiplier_at_creation": "10.00", "contribution_date": "2025-05-21T17:12:27Z", "notes": ""}}, {"model": "contributions.contribution", "pk": 17, "fields": {"created_at": "2025-05-22T17:12:27.217Z", "updated_at": "2025-05-22T17:16:03.883Z", "user": 6, "contribution_type": 5, "points": 1, "frozen_global_points": 200, "multiplier_at_creation": "200.00", "contribution_date": "2025-05-12T17:12:27Z", "notes": ""}}, {"model": "contributions.contribution", "pk": 18, "fields": {"created_at": "2025-05-22T17:12:27.221Z", "updated_at": "2025-05-22T17:16:03.877Z", "user": 6, "contribution_type": 6, "points": 1, "frozen_global_points": 1, "multiplier_at_creation": "1.00", "contribution_date": "2025-05-12T17:12:27Z", "notes": ""}}, {"model": "contributions.contribution", "pk": 19, "fields": {"created_at": "2025-05-22T17:12:27.225Z", "updated_at": "2025-05-22T17:16:03.871Z", "user": 6, "contribution_type": 7, "points": 1, "frozen_global_points": 200, "multiplier_at_creation": "200.00", "contribution_date": "2025-05-12T17:12:27Z", "notes": ""}}, {"model": "contributions.contribution", "pk": 20, "fields": {"created_at": "2025-05-22T17:12:47.450Z", "updated_at": "2025-05-22T17:16:21.746Z", "user": 7, "contribution_type": 1, "points": 1, "frozen_global_points": 200, "multiplier_at_creation": "200.00", "contribution_date": "2025-05-15T17:12:47Z", "notes": ""}}, {"model": "contributions.contribution", "pk": 21, "fields": {"created_at": "2025-05-22T17:12:47.455Z", "updated_at": "2025-05-22T17:16:21.741Z", "user": 7, "contribution_type": 2, "points": 1, "frozen_global_points": 200, "multiplier_at_creation": "200.00", "contribution_date": "2025-05-15T17:12:47Z", "notes": ""}}, {"model": "contributions.contribution", "pk": 22, "fields": {"created_at": "2025-05-22T17:12:47.459Z", "updated_at": "2025-05-23T13:14:49.175Z", "user": 7, "contribution_type": 3, "points": 3, "frozen_global_points": 30, "multiplier_at_creation": "10.00", "contribution_date": "2025-05-21T17:12:47Z", "notes": ""}}, {"model": "contributions.contribution", "pk": 23, "fields": {"created_at": "2025-05-22T17:12:47.463Z", "updated_at": "2025-05-22T17:16:21.732Z", "user": 7, "contribution_type": 5, "points": 1, "frozen_global_points": 200, "multiplier_at_creation": "200.00", "contribution_date": "2025-05-15T17:12:47Z", "notes": ""}}, {"model": "contributions.contribution", "pk": 24, "fields": {"created_at": "2025-05-22T17:12:47.468Z", "updated_at": "2025-05-22T17:16:21.727Z", "user": 7, "contribution_type": 6, "points": 1, "frozen_global_points": 1, "multiplier_at_creation": "1.00", "contribution_date": "2025-05-15T17:12:47Z", "notes": ""}}, {"model": "contributions.contribution", "pk": 25, "fields": {"created_at": "2025-05-22T17:12:47.472Z", "updated_at": "2025-05-22T17:16:21.722Z", "user": 7, "contribution_type": 7, "points": 1, "frozen_global_points": 200, "multiplier_at_creation": "200.00", "contribution_date": "2025-05-15T17:12:47Z", "notes": ""}}, {"model": "contributions.contribution", "pk": 26, "fields": {"created_at": "2025-05-22T17:13:08.352Z", "updated_at": "2025-05-22T17:16:38.615Z", "user": 4, "contribution_type": 1, "points": 1, "frozen_global_points": 200, "multiplier_at_creation": "200.00", "contribution_date": "2025-05-10T17:13:08Z", "notes": ""}}, {"model": "contributions.contribution", "pk": 27, "fields": {"created_at": "2025-05-22T17:13:08.357Z", "updated_at": "2025-05-22T17:16:38.612Z", "user": 4, "contribution_type": 2, "points": 1, "frozen_global_points": 200, "multiplier_at_creation": "200.00", "contribution_date": "2025-05-10T17:13:08Z", "notes": ""}}, {"model": "contributions.contribution", "pk": 28, "fields": {"created_at": "2025-05-22T17:13:08.363Z", "updated_at": "2025-05-23T13:14:50.818Z", "user": 4, "contribution_type": 3, "points": 3, "frozen_global_points": 30, "multiplier_at_creation": "10.00", "contribution_date": "2025-05-21T17:13:08Z", "notes": ""}}, {"model": "contributions.contribution", "pk": 29, "fields": {"created_at": "2025-05-22T17:13:08.368Z", "updated_at": "2025-05-22T17:16:38.605Z", "user": 4, "contribution_type": 5, "points": 1, "frozen_global_points": 200, "multiplier_at_creation": "200.00", "contribution_date": "2025-05-10T17:13:08Z", "notes": ""}}, {"model": "contributions.contribution", "pk": 30, "fields": {"created_at": "2025-05-22T17:13:08.373Z", "updated_at": "2025-05-22T17:16:38.601Z", "user": 4, "contribution_type": 6, "points": 1, "frozen_global_points": 1, "multiplier_at_creation": "1.00", "contribution_date": "2025-05-10T17:13:08Z", "notes": ""}}, {"model": "contributions.contribution", "pk": 31, "fields": {"created_at": "2025-05-22T17:13:08.379Z", "updated_at": "2025-05-22T17:16:38.597Z", "user": 4, "contribution_type": 7, "points": 1, "frozen_global_points": 200, "multiplier_at_creation": "200.00", "contribution_date": "2025-05-10T17:13:08Z", "notes": ""}}, {"model": "contributions.contribution", "pk": 32, "fields": {"created_at": "2025-05-22T17:13:25.604Z", "updated_at": "2025-05-22T17:17:02.386Z", "user": 9, "contribution_type": 1, "points": 1, "frozen_global_points": 200, "multiplier_at_creation": "200.00", "contribution_date": "2025-05-07T17:13:25Z", "notes": ""}}, {"model": "contributions.contribution", "pk": 33, "fields": {"created_at": "2025-05-22T17:13:25.612Z", "updated_at": "2025-05-22T17:17:02.381Z", "user": 9, "contribution_type": 2, "points": 1, "frozen_global_points": 200, "multiplier_at_creation": "200.00", "contribution_date": "2025-05-07T17:13:25Z", "notes": ""}}, {"model": "contributions.contribution", "pk": 34, "fields": {"created_at": "2025-05-22T17:13:25.618Z", "updated_at": "2025-05-23T13:14:52.660Z", "user": 9, "contribution_type": 3, "points": 3, "frozen_global_points": 30, "multiplier_at_creation": "10.00", "contribution_date": "2025-05-21T17:13:25Z", "notes": ""}}, {"model": "contributions.contribution", "pk": 35, "fields": {"created_at": "2025-05-22T17:13:25.622Z", "updated_at": "2025-05-22T17:17:02.372Z", "user": 9, "contribution_type": 5, "points": 1, "frozen_global_points": 200, "multiplier_at_creation": "200.00", "contribution_date": "2025-05-07T17:13:25Z", "notes": ""}}, {"model": "contributions.contribution", "pk": 36, "fields": {"created_at": "2025-05-22T17:13:25.627Z", "updated_at": "2025-05-22T17:17:02.368Z", "user": 9, "contribution_type": 6, "points": 1, "frozen_global_points": 1, "multiplier_at_creation": "1.00", "contribution_date": "2025-05-07T17:13:25Z", "notes": ""}}, {"model": "contributions.contribution", "pk": 37, "fields": {"created_at": "2025-05-22T17:13:25.632Z", "updated_at": "2025-05-22T17:17:02.362Z", "user": 9, "contribution_type": 7, "points": 1, "frozen_global_points": 200, "multiplier_at_creation": "200.00", "contribution_date": "2025-05-07T17:13:25Z", "notes": ""}}, {"model": "contributions.contribution", "pk": 38, "fields": {"created_at": "2025-05-22T17:13:44.432Z", "updated_at": "2025-05-22T17:17:35.834Z", "user": 3, "contribution_type": 1, "points": 1, "frozen_global_points": 200, "multiplier_at_creation": "200.00", "contribution_date": "2025-05-13T17:13:44Z", "notes": ""}}, {"model": "contributions.contribution", "pk": 39, "fields": {"created_at": "2025-05-22T17:13:44.438Z", "updated_at": "2025-05-22T17:17:35.829Z", "user": 3, "contribution_type": 2, "points": 1, "frozen_global_points": 200, "multiplier_at_creation": "200.00", "contribution_date": "2025-05-13T17:13:44Z", "notes": ""}}, {"model": "contributions.contribution", "pk": 40, "fields": {"created_at": "2025-05-22T17:13:44.444Z", "updated_at": "2025-05-23T13:14:54.419Z", "user": 3, "contribution_type": 3, "points": 3, "frozen_global_points": 30, "multiplier_at_creation": "10.00", "contribution_date": "2025-05-21T17:13:44Z", "notes": ""}}, {"model": "contributions.contribution", "pk": 41, "fields": {"created_at": "2025-05-22T17:13:44.450Z", "updated_at": "2025-05-22T17:17:35.820Z", "user": 3, "contribution_type": 5, "points": 1, "frozen_global_points": 200, "multiplier_at_creation": "200.00", "contribution_date": "2025-05-13T17:13:44Z", "notes": ""}}, {"model": "contributions.contribution", "pk": 42, "fields": {"created_at": "2025-05-22T17:13:44.456Z", "updated_at": "2025-05-22T17:17:35.816Z", "user": 3, "contribution_type": 6, "points": 1, "frozen_global_points": 1, "multiplier_at_creation": "1.00", "contribution_date": "2025-05-13T17:13:44Z", "notes": ""}}, {"model": "contributions.contribution", "pk": 43, "fields": {"created_at": "2025-05-22T17:13:44.461Z", "updated_at": "2025-05-22T17:17:35.769Z", "user": 3, "contribution_type": 7, "points": 1, "frozen_global_points": 200, "multiplier_at_creation": "200.00", "contribution_date": "2025-05-13T17:13:44Z", "notes": ""}}, {"model": "contributions.contribution", "pk": 44, "fields": {"created_at": "2025-05-23T13:14:40.798Z", "updated_at": "2025-05-23T13:14:40.798Z", "user": 8, "contribution_type": 10, "points": 1, "frozen_global_points": 500, "multiplier_at_creation": "500.00", "contribution_date": "2025-05-01T13:13:00Z", "notes": ""}}, {"model": "contributions.contribution", "pk": 45, "fields": {"created_at": "2025-05-23T13:14:44.109Z", "updated_at": "2025-05-23T13:14:44.109Z", "user": 5, "contribution_type": 10, "points": 1, "frozen_global_points": 500, "multiplier_at_creation": "500.00", "contribution_date": "2025-05-01T13:13:07Z", "notes": ""}}, {"model": "contributions.contribution", "pk": 46, "fields": {"created_at": "2025-05-23T13:14:45.679Z", "updated_at": "2025-05-23T13:14:45.679Z", "user": 6, "contribution_type": 10, "points": 1, "frozen_global_points": 500, "multiplier_at_creation": "500.00", "contribution_date": "2025-05-01T13:13:12Z", "notes": ""}}, {"model": "contributions.contribution", "pk": 47, "fields": {"created_at": "2025-05-23T13:14:47.390Z", "updated_at": "2025-05-23T13:14:47.390Z", "user": 10, "contribution_type": 10, "points": 1, "frozen_global_points": 500, "multiplier_at_creation": "500.00", "contribution_date": "2025-05-01T13:13:17Z", "notes": ""}}, {"model": "contributions.contribution", "pk": 49, "fields": {"created_at": "2025-05-23T13:14:50.830Z", "updated_at": "2025-05-23T13:14:50.830Z", "user": 4, "contribution_type": 10, "points": 1, "frozen_global_points": 500, "multiplier_at_creation": "500.00", "contribution_date": "2025-05-01T13:13:26Z", "notes": ""}}, {"model": "contributions.contribution", "pk": 50, "fields": {"created_at": "2025-05-23T13:14:52.666Z", "updated_at": "2025-05-23T13:14:52.666Z", "user": 9, "contribution_type": 10, "points": 1, "frozen_global_points": 500, "multiplier_at_creation": "500.00", "contribution_date": "2025-05-01T13:13:30Z", "notes": ""}}, {"model": "contributions.contribution", "pk": 51, "fields": {"created_at": "2025-05-23T13:14:54.426Z", "updated_at": "2025-05-23T13:14:54.426Z", "user": 3, "contribution_type": 10, "points": 1, "frozen_global_points": 500, "multiplier_at_creation": "500.00", "contribution_date": "2025-05-01T13:13:34Z", "notes": ""}}, {"model": "contributions.contribution", "pk": 52, "fields": {"created_at": "2025-05-23T13:19:27.529Z", "updated_at": "2025-05-23T13:19:27.540Z", "user": 3, "contribution_type": 6, "points": 1, "frozen_global_points": 1, "multiplier_at_creation": "1.00", "contribution_date": "2025-05-14T00:00:00Z", "notes": "Auto-generated daily uptime for 2025-05-14"}}, {"model": "contributions.contribution", "pk": 53, "fields": {"created_at": "2025-05-23T13:19:27.529Z", "updated_at": "2025-05-23T13:19:27.599Z", "user": 3, "contribution_type": 6, "points": 1, "frozen_global_points": 1, "multiplier_at_creation": "1.00", "contribution_date": "2025-05-15T00:00:00Z", "notes": "Auto-generated daily uptime for 2025-05-15"}}, {"model": "contributions.contribution", "pk": 54, "fields": {"created_at": "2025-05-23T13:19:27.529Z", "updated_at": "2025-05-23T13:19:27.604Z", "user": 3, "contribution_type": 6, "points": 1, "frozen_global_points": 1, "multiplier_at_creation": "1.00", "contribution_date": "2025-05-16T00:00:00Z", "notes": "Auto-generated daily uptime for 2025-05-16"}}, {"model": "contributions.contribution", "pk": 55, "fields": {"created_at": "2025-05-23T13:19:27.530Z", "updated_at": "2025-05-23T13:19:27.608Z", "user": 3, "contribution_type": 6, "points": 1, "frozen_global_points": 1, "multiplier_at_creation": "1.00", "contribution_date": "2025-05-17T00:00:00Z", "notes": "Auto-generated daily uptime for 2025-05-17"}}, {"model": "contributions.contribution", "pk": 56, "fields": {"created_at": "2025-05-23T13:19:27.530Z", "updated_at": "2025-05-23T13:19:27.612Z", "user": 3, "contribution_type": 6, "points": 1, "frozen_global_points": 1, "multiplier_at_creation": "1.00", "contribution_date": "2025-05-18T00:00:00Z", "notes": "Auto-generated daily uptime for 2025-05-18"}}, {"model": "contributions.contribution", "pk": 57, "fields": {"created_at": "2025-05-23T13:19:27.530Z", "updated_at": "2025-05-23T13:19:27.617Z", "user": 3, "contribution_type": 6, "points": 1, "frozen_global_points": 1, "multiplier_at_creation": "1.00", "contribution_date": "2025-05-19T00:00:00Z", "notes": "Auto-generated daily uptime for 2025-05-19"}}, {"model": "contributions.contribution", "pk": 58, "fields": {"created_at": "2025-05-23T13:19:27.530Z", "updated_at": "2025-05-23T13:19:27.622Z", "user": 3, "contribution_type": 6, "points": 1, "frozen_global_points": 1, "multiplier_at_creation": "1.00", "contribution_date": "2025-05-20T00:00:00Z", "notes": "Auto-generated daily uptime for 2025-05-20"}}, {"model": "contributions.contribution", "pk": 59, "fields": {"created_at": "2025-05-23T13:19:27.530Z", "updated_at": "2025-05-23T13:19:27.626Z", "user": 3, "contribution_type": 6, "points": 1, "frozen_global_points": 1, "multiplier_at_creation": "1.00", "contribution_date": "2025-05-21T00:00:00Z", "notes": "Auto-generated daily uptime for 2025-05-21"}}, {"model": "contributions.contribution", "pk": 60, "fields": {"created_at": "2025-05-23T13:19:27.530Z", "updated_at": "2025-05-23T13:19:27.630Z", "user": 3, "contribution_type": 6, "points": 1, "frozen_global_points": 1, "multiplier_at_creation": "1.00", "contribution_date": "2025-05-22T00:00:00Z", "notes": "Auto-generated daily uptime for 2025-05-22"}}, {"model": "contributions.contribution", "pk": 61, "fields": {"created_at": "2025-05-23T13:19:27.530Z", "updated_at": "2025-05-23T13:19:27.635Z", "user": 3, "contribution_type": 6, "points": 1, "frozen_global_points": 1, "multiplier_at_creation": "1.00", "contribution_date": "2025-05-23T00:00:00Z", "notes": "Auto-generated daily uptime for 2025-05-23"}}, {"model": "contributions.contribution", "pk": 62, "fields": {"created_at": "2025-05-23T13:19:27.643Z", "updated_at": "2025-05-23T13:19:27.645Z", "user": 4, "contribution_type": 6, "points": 1, "frozen_global_points": 1, "multiplier_at_creation": "1.00", "contribution_date": "2025-05-11T00:00:00Z", "notes": "Auto-generated daily uptime for 2025-05-11"}}, {"model": "contributions.contribution", "pk": 63, "fields": {"created_at": "2025-05-23T13:19:27.643Z", "updated_at": "2025-05-23T13:19:27.649Z", "user": 4, "contribution_type": 6, "points": 1, "frozen_global_points": 1, "multiplier_at_creation": "1.00", "contribution_date": "2025-05-12T00:00:00Z", "notes": "Auto-generated daily uptime for 2025-05-12"}}, {"model": "contributions.contribution", "pk": 64, "fields": {"created_at": "2025-05-23T13:19:27.643Z", "updated_at": "2025-05-23T13:19:27.653Z", "user": 4, "contribution_type": 6, "points": 1, "frozen_global_points": 1, "multiplier_at_creation": "1.00", "contribution_date": "2025-05-13T00:00:00Z", "notes": "Auto-generated daily uptime for 2025-05-13"}}, {"model": "contributions.contribution", "pk": 65, "fields": {"created_at": "2025-05-23T13:19:27.643Z", "updated_at": "2025-05-23T13:19:27.657Z", "user": 4, "contribution_type": 6, "points": 1, "frozen_global_points": 1, "multiplier_at_creation": "1.00", "contribution_date": "2025-05-14T00:00:00Z", "notes": "Auto-generated daily uptime for 2025-05-14"}}, {"model": "contributions.contribution", "pk": 66, "fields": {"created_at": "2025-05-23T13:19:27.643Z", "updated_at": "2025-05-23T13:19:27.661Z", "user": 4, "contribution_type": 6, "points": 1, "frozen_global_points": 1, "multiplier_at_creation": "1.00", "contribution_date": "2025-05-15T00:00:00Z", "notes": "Auto-generated daily uptime for 2025-05-15"}}, {"model": "contributions.contribution", "pk": 67, "fields": {"created_at": "2025-05-23T13:19:27.643Z", "updated_at": "2025-05-23T13:19:27.664Z", "user": 4, "contribution_type": 6, "points": 1, "frozen_global_points": 1, "multiplier_at_creation": "1.00", "contribution_date": "2025-05-16T00:00:00Z", "notes": "Auto-generated daily uptime for 2025-05-16"}}, {"model": "contributions.contribution", "pk": 68, "fields": {"created_at": "2025-05-23T13:19:27.643Z", "updated_at": "2025-05-23T13:19:27.668Z", "user": 4, "contribution_type": 6, "points": 1, "frozen_global_points": 1, "multiplier_at_creation": "1.00", "contribution_date": "2025-05-17T00:00:00Z", "notes": "Auto-generated daily uptime for 2025-05-17"}}, {"model": "contributions.contribution", "pk": 69, "fields": {"created_at": "2025-05-23T13:19:27.643Z", "updated_at": "2025-05-23T13:19:27.672Z", "user": 4, "contribution_type": 6, "points": 1, "frozen_global_points": 1, "multiplier_at_creation": "1.00", "contribution_date": "2025-05-18T00:00:00Z", "notes": "Auto-generated daily uptime for 2025-05-18"}}, {"model": "contributions.contribution", "pk": 70, "fields": {"created_at": "2025-05-23T13:19:27.643Z", "updated_at": "2025-05-23T13:19:27.675Z", "user": 4, "contribution_type": 6, "points": 1, "frozen_global_points": 1, "multiplier_at_creation": "1.00", "contribution_date": "2025-05-19T00:00:00Z", "notes": "Auto-generated daily uptime for 2025-05-19"}}, {"model": "contributions.contribution", "pk": 71, "fields": {"created_at": "2025-05-23T13:19:27.643Z", "updated_at": "2025-05-23T13:19:27.679Z", "user": 4, "contribution_type": 6, "points": 1, "frozen_global_points": 1, "multiplier_at_creation": "1.00", "contribution_date": "2025-05-20T00:00:00Z", "notes": "Auto-generated daily uptime for 2025-05-20"}}, {"model": "contributions.contribution", "pk": 72, "fields": {"created_at": "2025-05-23T13:19:27.643Z", "updated_at": "2025-05-23T13:19:27.683Z", "user": 4, "contribution_type": 6, "points": 1, "frozen_global_points": 1, "multiplier_at_creation": "1.00", "contribution_date": "2025-05-21T00:00:00Z", "notes": "Auto-generated daily uptime for 2025-05-21"}}, {"model": "contributions.contribution", "pk": 73, "fields": {"created_at": "2025-05-23T13:19:27.643Z", "updated_at": "2025-05-23T13:19:27.686Z", "user": 4, "contribution_type": 6, "points": 1, "frozen_global_points": 1, "multiplier_at_creation": "1.00", "contribution_date": "2025-05-22T00:00:00Z", "notes": "Auto-generated daily uptime for 2025-05-22"}}, {"model": "contributions.contribution", "pk": 74, "fields": {"created_at": "2025-05-23T13:19:27.643Z", "updated_at": "2025-05-23T13:19:27.690Z", "user": 4, "contribution_type": 6, "points": 1, "frozen_global_points": 1, "multiplier_at_creation": "1.00", "contribution_date": "2025-05-23T00:00:00Z", "notes": "Auto-generated daily uptime for 2025-05-23"}}, {"model": "contributions.contribution", "pk": 75, "fields": {"created_at": "2025-05-23T13:19:27.696Z", "updated_at": "2025-05-23T13:19:27.698Z", "user": 5, "contribution_type": 6, "points": 1, "frozen_global_points": 1, "multiplier_at_creation": "1.00", "contribution_date": "2025-05-07T00:00:00Z", "notes": "Auto-generated daily uptime for 2025-05-07"}}, {"model": "contributions.contribution", "pk": 76, "fields": {"created_at": "2025-05-23T13:19:27.696Z", "updated_at": "2025-05-23T13:19:27.703Z", "user": 5, "contribution_type": 6, "points": 1, "frozen_global_points": 1, "multiplier_at_creation": "1.00", "contribution_date": "2025-05-08T00:00:00Z", "notes": "Auto-generated daily uptime for 2025-05-08"}}, {"model": "contributions.contribution", "pk": 77, "fields": {"created_at": "2025-05-23T13:19:27.696Z", "updated_at": "2025-05-23T13:19:27.707Z", "user": 5, "contribution_type": 6, "points": 1, "frozen_global_points": 1, "multiplier_at_creation": "1.00", "contribution_date": "2025-05-09T00:00:00Z", "notes": "Auto-generated daily uptime for 2025-05-09"}}, {"model": "contributions.contribution", "pk": 78, "fields": {"created_at": "2025-05-23T13:19:27.696Z", "updated_at": "2025-05-23T13:19:27.711Z", "user": 5, "contribution_type": 6, "points": 1, "frozen_global_points": 1, "multiplier_at_creation": "1.00", "contribution_date": "2025-05-10T00:00:00Z", "notes": "Auto-generated daily uptime for 2025-05-10"}}, {"model": "contributions.contribution", "pk": 79, "fields": {"created_at": "2025-05-23T13:19:27.696Z", "updated_at": "2025-05-23T13:19:27.714Z", "user": 5, "contribution_type": 6, "points": 1, "frozen_global_points": 1, "multiplier_at_creation": "1.00", "contribution_date": "2025-05-11T00:00:00Z", "notes": "Auto-generated daily uptime for 2025-05-11"}}, {"model": "contributions.contribution", "pk": 80, "fields": {"created_at": "2025-05-23T13:19:27.696Z", "updated_at": "2025-05-23T13:19:27.718Z", "user": 5, "contribution_type": 6, "points": 1, "frozen_global_points": 1, "multiplier_at_creation": "1.00", "contribution_date": "2025-05-12T00:00:00Z", "notes": "Auto-generated daily uptime for 2025-05-12"}}, {"model": "contributions.contribution", "pk": 81, "fields": {"created_at": "2025-05-23T13:19:27.697Z", "updated_at": "2025-05-23T13:19:27.721Z", "user": 5, "contribution_type": 6, "points": 1, "frozen_global_points": 1, "multiplier_at_creation": "1.00", "contribution_date": "2025-05-13T00:00:00Z", "notes": "Auto-generated daily uptime for 2025-05-13"}}, {"model": "contributions.contribution", "pk": 82, "fields": {"created_at": "2025-05-23T13:19:27.697Z", "updated_at": "2025-05-23T13:19:27.725Z", "user": 5, "contribution_type": 6, "points": 1, "frozen_global_points": 1, "multiplier_at_creation": "1.00", "contribution_date": "2025-05-14T00:00:00Z", "notes": "Auto-generated daily uptime for 2025-05-14"}}, {"model": "contributions.contribution", "pk": 83, "fields": {"created_at": "2025-05-23T13:19:27.697Z", "updated_at": "2025-05-23T13:19:27.729Z", "user": 5, "contribution_type": 6, "points": 1, "frozen_global_points": 1, "multiplier_at_creation": "1.00", "contribution_date": "2025-05-15T00:00:00Z", "notes": "Auto-generated daily uptime for 2025-05-15"}}, {"model": "contributions.contribution", "pk": 84, "fields": {"created_at": "2025-05-23T13:19:27.697Z", "updated_at": "2025-05-23T13:19:27.733Z", "user": 5, "contribution_type": 6, "points": 1, "frozen_global_points": 1, "multiplier_at_creation": "1.00", "contribution_date": "2025-05-16T00:00:00Z", "notes": "Auto-generated daily uptime for 2025-05-16"}}, {"model": "contributions.contribution", "pk": 85, "fields": {"created_at": "2025-05-23T13:19:27.697Z", "updated_at": "2025-05-23T13:19:27.736Z", "user": 5, "contribution_type": 6, "points": 1, "frozen_global_points": 1, "multiplier_at_creation": "1.00", "contribution_date": "2025-05-17T00:00:00Z", "notes": "Auto-generated daily uptime for 2025-05-17"}}, {"model": "contributions.contribution", "pk": 86, "fields": {"created_at": "2025-05-23T13:19:27.697Z", "updated_at": "2025-05-23T13:19:27.740Z", "user": 5, "contribution_type": 6, "points": 1, "frozen_global_points": 1, "multiplier_at_creation": "1.00", "contribution_date": "2025-05-18T00:00:00Z", "notes": "Auto-generated daily uptime for 2025-05-18"}}, {"model": "contributions.contribution", "pk": 87, "fields": {"created_at": "2025-05-23T13:19:27.697Z", "updated_at": "2025-05-23T13:19:27.744Z", "user": 5, "contribution_type": 6, "points": 1, "frozen_global_points": 1, "multiplier_at_creation": "1.00", "contribution_date": "2025-05-19T00:00:00Z", "notes": "Auto-generated daily uptime for 2025-05-19"}}, {"model": "contributions.contribution", "pk": 88, "fields": {"created_at": "2025-05-23T13:19:27.697Z", "updated_at": "2025-05-23T13:19:27.747Z", "user": 5, "contribution_type": 6, "points": 1, "frozen_global_points": 1, "multiplier_at_creation": "1.00", "contribution_date": "2025-05-20T00:00:00Z", "notes": "Auto-generated daily uptime for 2025-05-20"}}, {"model": "contributions.contribution", "pk": 89, "fields": {"created_at": "2025-05-23T13:19:27.697Z", "updated_at": "2025-05-23T13:19:27.751Z", "user": 5, "contribution_type": 6, "points": 1, "frozen_global_points": 1, "multiplier_at_creation": "1.00", "contribution_date": "2025-05-21T00:00:00Z", "notes": "Auto-generated daily uptime for 2025-05-21"}}, {"model": "contributions.contribution", "pk": 90, "fields": {"created_at": "2025-05-23T13:19:27.697Z", "updated_at": "2025-05-23T13:19:27.755Z", "user": 5, "contribution_type": 6, "points": 1, "frozen_global_points": 1, "multiplier_at_creation": "1.00", "contribution_date": "2025-05-22T00:00:00Z", "notes": "Auto-generated daily uptime for 2025-05-22"}}, {"model": "contributions.contribution", "pk": 91, "fields": {"created_at": "2025-05-23T13:19:27.697Z", "updated_at": "2025-05-23T13:19:27.758Z", "user": 5, "contribution_type": 6, "points": 1, "frozen_global_points": 1, "multiplier_at_creation": "1.00", "contribution_date": "2025-05-23T00:00:00Z", "notes": "Auto-generated daily uptime for 2025-05-23"}}, {"model": "contributions.contribution", "pk": 92, "fields": {"created_at": "2025-05-23T13:19:27.764Z", "updated_at": "2025-05-23T13:19:27.766Z", "user": 6, "contribution_type": 6, "points": 1, "frozen_global_points": 1, "multiplier_at_creation": "1.00", "contribution_date": "2025-05-13T00:00:00Z", "notes": "Auto-generated daily uptime for 2025-05-13"}}, {"model": "contributions.contribution", "pk": 93, "fields": {"created_at": "2025-05-23T13:19:27.764Z", "updated_at": "2025-05-23T13:19:27.770Z", "user": 6, "contribution_type": 6, "points": 1, "frozen_global_points": 1, "multiplier_at_creation": "1.00", "contribution_date": "2025-05-14T00:00:00Z", "notes": "Auto-generated daily uptime for 2025-05-14"}}, {"model": "contributions.contribution", "pk": 94, "fields": {"created_at": "2025-05-23T13:19:27.764Z", "updated_at": "2025-05-23T13:19:27.773Z", "user": 6, "contribution_type": 6, "points": 1, "frozen_global_points": 1, "multiplier_at_creation": "1.00", "contribution_date": "2025-05-15T00:00:00Z", "notes": "Auto-generated daily uptime for 2025-05-15"}}, {"model": "contributions.contribution", "pk": 95, "fields": {"created_at": "2025-05-23T13:19:27.764Z", "updated_at": "2025-05-23T13:19:27.777Z", "user": 6, "contribution_type": 6, "points": 1, "frozen_global_points": 1, "multiplier_at_creation": "1.00", "contribution_date": "2025-05-16T00:00:00Z", "notes": "Auto-generated daily uptime for 2025-05-16"}}, {"model": "contributions.contribution", "pk": 96, "fields": {"created_at": "2025-05-23T13:19:27.764Z", "updated_at": "2025-05-23T13:19:27.780Z", "user": 6, "contribution_type": 6, "points": 1, "frozen_global_points": 1, "multiplier_at_creation": "1.00", "contribution_date": "2025-05-17T00:00:00Z", "notes": "Auto-generated daily uptime for 2025-05-17"}}, {"model": "contributions.contribution", "pk": 97, "fields": {"created_at": "2025-05-23T13:19:27.765Z", "updated_at": "2025-05-23T13:19:27.784Z", "user": 6, "contribution_type": 6, "points": 1, "frozen_global_points": 1, "multiplier_at_creation": "1.00", "contribution_date": "2025-05-18T00:00:00Z", "notes": "Auto-generated daily uptime for 2025-05-18"}}, {"model": "contributions.contribution", "pk": 98, "fields": {"created_at": "2025-05-23T13:19:27.765Z", "updated_at": "2025-05-23T13:19:27.787Z", "user": 6, "contribution_type": 6, "points": 1, "frozen_global_points": 1, "multiplier_at_creation": "1.00", "contribution_date": "2025-05-19T00:00:00Z", "notes": "Auto-generated daily uptime for 2025-05-19"}}, {"model": "contributions.contribution", "pk": 99, "fields": {"created_at": "2025-05-23T13:19:27.765Z", "updated_at": "2025-05-23T13:19:27.791Z", "user": 6, "contribution_type": 6, "points": 1, "frozen_global_points": 1, "multiplier_at_creation": "1.00", "contribution_date": "2025-05-20T00:00:00Z", "notes": "Auto-generated daily uptime for 2025-05-20"}}, {"model": "contributions.contribution", "pk": 100, "fields": {"created_at": "2025-05-23T13:19:27.765Z", "updated_at": "2025-05-23T13:19:27.801Z", "user": 6, "contribution_type": 6, "points": 1, "frozen_global_points": 1, "multiplier_at_creation": "1.00", "contribution_date": "2025-05-21T00:00:00Z", "notes": "Auto-generated daily uptime for 2025-05-21"}}, {"model": "contributions.contribution", "pk": 101, "fields": {"created_at": "2025-05-23T13:19:27.765Z", "updated_at": "2025-05-23T13:19:27.807Z", "user": 6, "contribution_type": 6, "points": 1, "frozen_global_points": 1, "multiplier_at_creation": "1.00", "contribution_date": "2025-05-22T00:00:00Z", "notes": "Auto-generated daily uptime for 2025-05-22"}}, {"model": "contributions.contribution", "pk": 102, "fields": {"created_at": "2025-05-23T13:19:27.765Z", "updated_at": "2025-05-23T13:19:27.811Z", "user": 6, "contribution_type": 6, "points": 1, "frozen_global_points": 1, "multiplier_at_creation": "1.00", "contribution_date": "2025-05-23T00:00:00Z", "notes": "Auto-generated daily uptime for 2025-05-23"}}, {"model": "contributions.contribution", "pk": 103, "fields": {"created_at": "2025-05-23T13:19:27.818Z", "updated_at": "2025-05-23T13:19:27.820Z", "user": 7, "contribution_type": 6, "points": 1, "frozen_global_points": 1, "multiplier_at_creation": "1.00", "contribution_date": "2025-05-16T00:00:00Z", "notes": "Auto-generated daily uptime for 2025-05-16"}}, {"model": "contributions.contribution", "pk": 104, "fields": {"created_at": "2025-05-23T13:19:27.818Z", "updated_at": "2025-05-23T13:19:27.824Z", "user": 7, "contribution_type": 6, "points": 1, "frozen_global_points": 1, "multiplier_at_creation": "1.00", "contribution_date": "2025-05-17T00:00:00Z", "notes": "Auto-generated daily uptime for 2025-05-17"}}, {"model": "contributions.contribution", "pk": 105, "fields": {"created_at": "2025-05-23T13:19:27.818Z", "updated_at": "2025-05-23T13:19:27.828Z", "user": 7, "contribution_type": 6, "points": 1, "frozen_global_points": 1, "multiplier_at_creation": "1.00", "contribution_date": "2025-05-18T00:00:00Z", "notes": "Auto-generated daily uptime for 2025-05-18"}}, {"model": "contributions.contribution", "pk": 106, "fields": {"created_at": "2025-05-23T13:19:27.818Z", "updated_at": "2025-05-23T13:19:27.834Z", "user": 7, "contribution_type": 6, "points": 1, "frozen_global_points": 1, "multiplier_at_creation": "1.00", "contribution_date": "2025-05-19T00:00:00Z", "notes": "Auto-generated daily uptime for 2025-05-19"}}, {"model": "contributions.contribution", "pk": 107, "fields": {"created_at": "2025-05-23T13:19:27.818Z", "updated_at": "2025-05-23T13:19:27.838Z", "user": 7, "contribution_type": 6, "points": 1, "frozen_global_points": 1, "multiplier_at_creation": "1.00", "contribution_date": "2025-05-20T00:00:00Z", "notes": "Auto-generated daily uptime for 2025-05-20"}}, {"model": "contributions.contribution", "pk": 108, "fields": {"created_at": "2025-05-23T13:19:27.818Z", "updated_at": "2025-05-23T13:19:27.842Z", "user": 7, "contribution_type": 6, "points": 1, "frozen_global_points": 1, "multiplier_at_creation": "1.00", "contribution_date": "2025-05-21T00:00:00Z", "notes": "Auto-generated daily uptime for 2025-05-21"}}, {"model": "contributions.contribution", "pk": 109, "fields": {"created_at": "2025-05-23T13:19:27.818Z", "updated_at": "2025-05-23T13:19:27.846Z", "user": 7, "contribution_type": 6, "points": 1, "frozen_global_points": 1, "multiplier_at_creation": "1.00", "contribution_date": "2025-05-22T00:00:00Z", "notes": "Auto-generated daily uptime for 2025-05-22"}}, {"model": "contributions.contribution", "pk": 110, "fields": {"created_at": "2025-05-23T13:19:27.818Z", "updated_at": "2025-05-23T13:19:27.851Z", "user": 7, "contribution_type": 6, "points": 1, "frozen_global_points": 1, "multiplier_at_creation": "1.00", "contribution_date": "2025-05-23T00:00:00Z", "notes": "Auto-generated daily uptime for 2025-05-23"}}, {"model": "contributions.contribution", "pk": 111, "fields": {"created_at": "2025-05-23T13:19:27.857Z", "updated_at": "2025-05-23T13:19:27.859Z", "user": 8, "contribution_type": 6, "points": 1, "frozen_global_points": 1, "multiplier_at_creation": "1.00", "contribution_date": "2025-05-10T00:00:00Z", "notes": "Auto-generated daily uptime for 2025-05-10"}}, {"model": "contributions.contribution", "pk": 112, "fields": {"created_at": "2025-05-23T13:19:27.857Z", "updated_at": "2025-05-23T13:19:27.862Z", "user": 8, "contribution_type": 6, "points": 1, "frozen_global_points": 1, "multiplier_at_creation": "1.00", "contribution_date": "2025-05-11T00:00:00Z", "notes": "Auto-generated daily uptime for 2025-05-11"}}, {"model": "contributions.contribution", "pk": 113, "fields": {"created_at": "2025-05-23T13:19:27.857Z", "updated_at": "2025-05-23T13:19:27.866Z", "user": 8, "contribution_type": 6, "points": 1, "frozen_global_points": 1, "multiplier_at_creation": "1.00", "contribution_date": "2025-05-12T00:00:00Z", "notes": "Auto-generated daily uptime for 2025-05-12"}}, {"model": "contributions.contribution", "pk": 114, "fields": {"created_at": "2025-05-23T13:19:27.857Z", "updated_at": "2025-05-23T13:19:27.870Z", "user": 8, "contribution_type": 6, "points": 1, "frozen_global_points": 1, "multiplier_at_creation": "1.00", "contribution_date": "2025-05-13T00:00:00Z", "notes": "Auto-generated daily uptime for 2025-05-13"}}, {"model": "contributions.contribution", "pk": 115, "fields": {"created_at": "2025-05-23T13:19:27.857Z", "updated_at": "2025-05-23T13:19:27.873Z", "user": 8, "contribution_type": 6, "points": 1, "frozen_global_points": 1, "multiplier_at_creation": "1.00", "contribution_date": "2025-05-14T00:00:00Z", "notes": "Auto-generated daily uptime for 2025-05-14"}}, {"model": "contributions.contribution", "pk": 116, "fields": {"created_at": "2025-05-23T13:19:27.857Z", "updated_at": "2025-05-23T13:19:27.877Z", "user": 8, "contribution_type": 6, "points": 1, "frozen_global_points": 1, "multiplier_at_creation": "1.00", "contribution_date": "2025-05-15T00:00:00Z", "notes": "Auto-generated daily uptime for 2025-05-15"}}, {"model": "contributions.contribution", "pk": 117, "fields": {"created_at": "2025-05-23T13:19:27.857Z", "updated_at": "2025-05-23T13:19:27.880Z", "user": 8, "contribution_type": 6, "points": 1, "frozen_global_points": 1, "multiplier_at_creation": "1.00", "contribution_date": "2025-05-16T00:00:00Z", "notes": "Auto-generated daily uptime for 2025-05-16"}}, {"model": "contributions.contribution", "pk": 118, "fields": {"created_at": "2025-05-23T13:19:27.857Z", "updated_at": "2025-05-23T13:19:27.883Z", "user": 8, "contribution_type": 6, "points": 1, "frozen_global_points": 1, "multiplier_at_creation": "1.00", "contribution_date": "2025-05-17T00:00:00Z", "notes": "Auto-generated daily uptime for 2025-05-17"}}, {"model": "contributions.contribution", "pk": 119, "fields": {"created_at": "2025-05-23T13:19:27.857Z", "updated_at": "2025-05-23T13:19:27.886Z", "user": 8, "contribution_type": 6, "points": 1, "frozen_global_points": 1, "multiplier_at_creation": "1.00", "contribution_date": "2025-05-18T00:00:00Z", "notes": "Auto-generated daily uptime for 2025-05-18"}}, {"model": "contributions.contribution", "pk": 120, "fields": {"created_at": "2025-05-23T13:19:27.857Z", "updated_at": "2025-05-23T13:19:27.889Z", "user": 8, "contribution_type": 6, "points": 1, "frozen_global_points": 1, "multiplier_at_creation": "1.00", "contribution_date": "2025-05-19T00:00:00Z", "notes": "Auto-generated daily uptime for 2025-05-19"}}, {"model": "contributions.contribution", "pk": 121, "fields": {"created_at": "2025-05-23T13:19:27.857Z", "updated_at": "2025-05-23T13:19:27.892Z", "user": 8, "contribution_type": 6, "points": 1, "frozen_global_points": 1, "multiplier_at_creation": "1.00", "contribution_date": "2025-05-20T00:00:00Z", "notes": "Auto-generated daily uptime for 2025-05-20"}}, {"model": "contributions.contribution", "pk": 122, "fields": {"created_at": "2025-05-23T13:19:27.857Z", "updated_at": "2025-05-23T13:19:27.895Z", "user": 8, "contribution_type": 6, "points": 1, "frozen_global_points": 1, "multiplier_at_creation": "1.00", "contribution_date": "2025-05-21T00:00:00Z", "notes": "Auto-generated daily uptime for 2025-05-21"}}, {"model": "contributions.contribution", "pk": 123, "fields": {"created_at": "2025-05-23T13:19:27.857Z", "updated_at": "2025-05-23T13:19:27.898Z", "user": 8, "contribution_type": 6, "points": 1, "frozen_global_points": 1, "multiplier_at_creation": "1.00", "contribution_date": "2025-05-22T00:00:00Z", "notes": "Auto-generated daily uptime for 2025-05-22"}}, {"model": "contributions.contribution", "pk": 124, "fields": {"created_at": "2025-05-23T13:19:27.857Z", "updated_at": "2025-05-23T13:19:27.901Z", "user": 8, "contribution_type": 6, "points": 1, "frozen_global_points": 1, "multiplier_at_creation": "1.00", "contribution_date": "2025-05-23T00:00:00Z", "notes": "Auto-generated daily uptime for 2025-05-23"}}, {"model": "contributions.contribution", "pk": 125, "fields": {"created_at": "2025-05-23T13:19:27.908Z", "updated_at": "2025-05-23T13:19:27.915Z", "user": 9, "contribution_type": 6, "points": 1, "frozen_global_points": 1, "multiplier_at_creation": "1.00", "contribution_date": "2025-05-08T00:00:00Z", "notes": "Auto-generated daily uptime for 2025-05-08"}}, {"model": "contributions.contribution", "pk": 126, "fields": {"created_at": "2025-05-23T13:19:27.908Z", "updated_at": "2025-05-23T13:19:27.924Z", "user": 9, "contribution_type": 6, "points": 1, "frozen_global_points": 1, "multiplier_at_creation": "1.00", "contribution_date": "2025-05-09T00:00:00Z", "notes": "Auto-generated daily uptime for 2025-05-09"}}, {"model": "contributions.contribution", "pk": 127, "fields": {"created_at": "2025-05-23T13:19:27.908Z", "updated_at": "2025-05-23T13:19:27.928Z", "user": 9, "contribution_type": 6, "points": 1, "frozen_global_points": 1, "multiplier_at_creation": "1.00", "contribution_date": "2025-05-10T00:00:00Z", "notes": "Auto-generated daily uptime for 2025-05-10"}}, {"model": "contributions.contribution", "pk": 128, "fields": {"created_at": "2025-05-23T13:19:27.908Z", "updated_at": "2025-05-23T13:19:27.932Z", "user": 9, "contribution_type": 6, "points": 1, "frozen_global_points": 1, "multiplier_at_creation": "1.00", "contribution_date": "2025-05-11T00:00:00Z", "notes": "Auto-generated daily uptime for 2025-05-11"}}, {"model": "contributions.contribution", "pk": 129, "fields": {"created_at": "2025-05-23T13:19:27.908Z", "updated_at": "2025-05-23T13:19:27.936Z", "user": 9, "contribution_type": 6, "points": 1, "frozen_global_points": 1, "multiplier_at_creation": "1.00", "contribution_date": "2025-05-12T00:00:00Z", "notes": "Auto-generated daily uptime for 2025-05-12"}}, {"model": "contributions.contribution", "pk": 130, "fields": {"created_at": "2025-05-23T13:19:27.908Z", "updated_at": "2025-05-23T13:19:27.940Z", "user": 9, "contribution_type": 6, "points": 1, "frozen_global_points": 1, "multiplier_at_creation": "1.00", "contribution_date": "2025-05-13T00:00:00Z", "notes": "Auto-generated daily uptime for 2025-05-13"}}, {"model": "contributions.contribution", "pk": 131, "fields": {"created_at": "2025-05-23T13:19:27.908Z", "updated_at": "2025-05-23T13:19:27.943Z", "user": 9, "contribution_type": 6, "points": 1, "frozen_global_points": 1, "multiplier_at_creation": "1.00", "contribution_date": "2025-05-14T00:00:00Z", "notes": "Auto-generated daily uptime for 2025-05-14"}}, {"model": "contributions.contribution", "pk": 132, "fields": {"created_at": "2025-05-23T13:19:27.908Z", "updated_at": "2025-05-23T13:19:27.947Z", "user": 9, "contribution_type": 6, "points": 1, "frozen_global_points": 1, "multiplier_at_creation": "1.00", "contribution_date": "2025-05-15T00:00:00Z", "notes": "Auto-generated daily uptime for 2025-05-15"}}, {"model": "contributions.contribution", "pk": 133, "fields": {"created_at": "2025-05-23T13:19:27.908Z", "updated_at": "2025-05-23T13:19:27.950Z", "user": 9, "contribution_type": 6, "points": 1, "frozen_global_points": 1, "multiplier_at_creation": "1.00", "contribution_date": "2025-05-16T00:00:00Z", "notes": "Auto-generated daily uptime for 2025-05-16"}}, {"model": "contributions.contribution", "pk": 134, "fields": {"created_at": "2025-05-23T13:19:27.908Z", "updated_at": "2025-05-23T13:19:27.954Z", "user": 9, "contribution_type": 6, "points": 1, "frozen_global_points": 1, "multiplier_at_creation": "1.00", "contribution_date": "2025-05-17T00:00:00Z", "notes": "Auto-generated daily uptime for 2025-05-17"}}, {"model": "contributions.contribution", "pk": 135, "fields": {"created_at": "2025-05-23T13:19:27.908Z", "updated_at": "2025-05-23T13:19:27.958Z", "user": 9, "contribution_type": 6, "points": 1, "frozen_global_points": 1, "multiplier_at_creation": "1.00", "contribution_date": "2025-05-18T00:00:00Z", "notes": "Auto-generated daily uptime for 2025-05-18"}}, {"model": "contributions.contribution", "pk": 136, "fields": {"created_at": "2025-05-23T13:19:27.909Z", "updated_at": "2025-05-23T13:19:27.961Z", "user": 9, "contribution_type": 6, "points": 1, "frozen_global_points": 1, "multiplier_at_creation": "1.00", "contribution_date": "2025-05-19T00:00:00Z", "notes": "Auto-generated daily uptime for 2025-05-19"}}, {"model": "contributions.contribution", "pk": 137, "fields": {"created_at": "2025-05-23T13:19:27.909Z", "updated_at": "2025-05-23T13:19:27.967Z", "user": 9, "contribution_type": 6, "points": 1, "frozen_global_points": 1, "multiplier_at_creation": "1.00", "contribution_date": "2025-05-20T00:00:00Z", "notes": "Auto-generated daily uptime for 2025-05-20"}}, {"model": "contributions.contribution", "pk": 138, "fields": {"created_at": "2025-05-23T13:19:27.909Z", "updated_at": "2025-05-23T13:19:27.971Z", "user": 9, "contribution_type": 6, "points": 1, "frozen_global_points": 1, "multiplier_at_creation": "1.00", "contribution_date": "2025-05-21T00:00:00Z", "notes": "Auto-generated daily uptime for 2025-05-21"}}, {"model": "contributions.contribution", "pk": 139, "fields": {"created_at": "2025-05-23T13:19:27.909Z", "updated_at": "2025-05-23T13:19:27.977Z", "user": 9, "contribution_type": 6, "points": 1, "frozen_global_points": 1, "multiplier_at_creation": "1.00", "contribution_date": "2025-05-22T00:00:00Z", "notes": "Auto-generated daily uptime for 2025-05-22"}}, {"model": "contributions.contribution", "pk": 140, "fields": {"created_at": "2025-05-23T13:19:27.909Z", "updated_at": "2025-05-23T13:19:27.984Z", "user": 9, "contribution_type": 6, "points": 1, "frozen_global_points": 1, "multiplier_at_creation": "1.00", "contribution_date": "2025-05-23T00:00:00Z", "notes": "Auto-generated daily uptime for 2025-05-23"}}, {"model": "contributions.contribution", "pk": 141, "fields": {"created_at": "2025-05-23T13:50:12.078Z", "updated_at": "2025-05-23T13:50:12.078Z", "user": 9, "contribution_type": 9, "points": 1, "frozen_global_points": 5, "multiplier_at_creation": "5.00", "contribution_date": "2025-05-16T13:50:10Z", "notes": ""}}, {"model": "contributions.contribution", "pk": 142, "fields": {"created_at": "2025-05-23T13:50:12.087Z", "updated_at": "2025-05-23T13:50:12.087Z", "user": 9, "contribution_type": 9, "points": 1, "frozen_global_points": 5, "multiplier_at_creation": "5.00", "contribution_date": "2025-05-23T13:50:11Z", "notes": ""}}, {"model": "contributions.contribution", "pk": 143, "fields": {"created_at": "2025-05-23T14:07:48.170Z", "updated_at": "2025-05-23T14:29:53.034Z", "user": 9, "contribution_type": 4, "points": 1, "frozen_global_points": 20, "multiplier_at_creation": "20.00", "contribution_date": "2025-05-08T14:07:02Z", "notes": ""}}, {"model": "contributions.contribution", "pk": 144, "fields": {"created_at": "2025-05-23T14:07:48.180Z", "updated_at": "2025-05-23T14:07:48.180Z", "user": 9, "contribution_type": 8, "points": 2, "frozen_global_points": 40, "multiplier_at_creation": "20.00", "contribution_date": "2025-05-14T14:07:02Z", "notes": ""}}, {"model": "contributions.contribution", "pk": 145, "fields": {"created_at": "2025-05-23T14:31:00.291Z", "updated_at": "2025-05-23T14:31:29.372Z", "user": 7, "contribution_type": 4, "points": 1, "frozen_global_points": 20, "multiplier_at_creation": "20.00", "contribution_date": "2025-05-13T14:30:48Z", "notes": ""}}, {"model": "contributions.contribution", "pk": 146, "fields": {"created_at": "2025-05-23T14:31:00.298Z", "updated_at": "2025-05-23T14:31:53.583Z", "user": 7, "contribution_type": 4, "points": 1, "frozen_global_points": 20, "multiplier_at_creation": "20.00", "contribution_date": "2025-05-20T14:30:58Z", "notes": ""}}, {"model": "contributions.contribution", "pk": 147, "fields": {"created_at": "2025-05-23T14:33:11.265Z", "updated_at": "2025-05-23T14:33:28.881Z", "user": 3, "contribution_type": 4, "points": 1, "frozen_global_points": 20, "multiplier_at_creation": "20.00", "contribution_date": "2025-05-20T14:33:09Z", "notes": ""}}, {"model": "contributions.contribution", "pk": 148, "fields": {"created_at": "2025-05-23T14:33:56.680Z", "updated_at": "2025-05-23T14:34:05.679Z", "user": 5, "contribution_type": 4, "points": 1, "frozen_global_points": 20, "multiplier_at_creation": "20.00", "contribution_date": "2025-05-21T14:33:51Z", "notes": ""}}, {"model": "contributions.contribution", "pk": 149, "fields": {"created_at": "2025-05-23T14:34:39.966Z", "updated_at": "2025-05-23T14:35:05.874Z", "user": 4, "contribution_type": 8, "points": 1, "frozen_global_points": 20, "multiplier_at_creation": "20.00", "contribution_date": "2025-05-21T14:34:32Z", "notes": ""}}, {"model": "contributions.contribution", "pk": 150, "fields": {"created_at": "2025-05-23T14:34:39.972Z", "updated_at": "2025-05-23T14:35:13.607Z", "user": 4, "contribution_type": 8, "points": 1, "frozen_global_points": 20, "multiplier_at_creation": "20.00", "contribution_date": "2025-05-21T14:34:34Z", "notes": ""}}, {"model": "contributions.evidence", "pk": 1, "fields": {"created_at": "2025-05-23T14:24:52.503Z", "updated_at": "2025-05-23T14:26:38.250Z", "contribution": 144, "description": "", "url": "https://paragraph.com/@firstset/genlayer-validator-systemd-config-and-log-reporting", "file": ""}}, {"model": "contributions.evidence", "pk": 2, "fields": {"created_at": "2025-05-23T14:29:53.046Z", "updated_at": "2025-05-23T14:29:53.046Z", "contribution": 143, "description": "error with the export keys command", "url": "", "file": ""}}, {"model": "contributions.evidence", "pk": 3, "fields": {"created_at": "2025-05-23T14:31:29.378Z", "updated_at": "2025-05-23T14:31:29.378Z", "contribution": 145, "description": "transaction error in logs", "url": "", "file": ""}}, {"model": "contributions.evidence", "pk": 4, "fields": {"created_at": "2025-05-23T14:31:53.589Z", "updated_at": "2025-05-23T14:31:53.589Z", "contribution": 146, "description": "error in transaction logs", "url": "", "file": ""}}, {"model": "contributions.evidence", "pk": 5, "fields": {"created_at": "2025-05-23T14:33:28.888Z", "updated_at": "2025-05-23T14:33:28.888Z", "contribution": 147, "description": "missing `--version` in node command", "url": "", "file": ""}}, {"model": "contributions.evidence", "pk": 6, "fields": {"created_at": "2025-05-23T14:34:05.685Z", "updated_at": "2025-05-23T14:34:05.685Z", "contribution": 148, "description": "error in transaction logs", "url": "", "file": ""}}, {"model": "contributions.evidence", "pk": 7, "fields": {"created_at": "2025-05-23T14:35:05.881Z", "updated_at": "2025-05-23T14:35:05.881Z", "contribution": 149, "description": "", "url": "https://hackmd.io/@x8TnZOIJTLCGlasbXxkcMQ/B1dZf2i-ex", "file": ""}}, {"model": "contributions.evidence", "pk": 8, "fields": {"created_at": "2025-05-23T14:35:13.614Z", "updated_at": "2025-05-23T14:35:13.614Z", "contribution": 150, "description": "", "url": "https://hackmd.io/@x8TnZOIJTLCGlasbXxkcMQ/B1dZf2i-ex", "file": ""}}, {"model": "leaderboard.globalleaderboardmultiplier", "pk": 1, "fields": {"created_at": "2025-05-22T17:10:32.901Z", "updated_at": "2025-05-23T14:37:22.216Z", "contribution_type": 7, "multiplier_value": "200.00", "valid_from": "2025-03-01T17:10:26Z", "description": "", "notes": ""}}, {"model": "leaderboard.globalleaderboardmultiplier", "pk": 2, "fields": {"created_at": "2025-05-22T17:10:40.670Z", "updated_at": "2025-05-23T13:09:15.879Z", "contribution_type": 6, "multiplier_value": "1.00", "valid_from": "2025-03-01T17:10:39Z", "description": "", "notes": ""}}, {"model": "leaderboard.globalleaderboardmultiplier", "pk": 3, "fields": {"created_at": "2025-05-22T17:10:44.394Z", "updated_at": "2025-05-23T13:09:18.262Z", "contribution_type": 5, "multiplier_value": "200.00", "valid_from": "2025-03-01T17:10:43Z", "description": "", "notes": ""}}, {"model": "leaderboard.globalleaderboardmultiplier", "pk": 4, "fields": {"created_at": "2025-05-22T17:10:47.992Z", "updated_at": "2025-05-23T13:09:20.189Z", "contribution_type": 4, "multiplier_value": "20.00", "valid_from": "2025-03-01T17:10:47Z", "description": "", "notes": ""}}, {"model": "leaderboard.globalleaderboardmultiplier", "pk": 5, "fields": {"created_at": "2025-05-22T17:10:51.105Z", "updated_at": "2025-05-23T13:09:22.130Z", "contribution_type": 3, "multiplier_value": "10.00", "valid_from": "2025-03-01T17:10:50Z", "description": "", "notes": ""}}, {"model": "leaderboard.globalleaderboardmultiplier", "pk": 6, "fields": {"created_at": "2025-05-22T17:10:54.273Z", "updated_at": "2025-05-23T13:09:24.711Z", "contribution_type": 2, "multiplier_value": "200.00", "valid_from": "2025-03-01T17:10:53Z", "description": "", "notes": ""}}, {"model": "leaderboard.globalleaderboardmultiplier", "pk": 7, "fields": {"created_at": "2025-05-22T17:11:00.505Z", "updated_at": "2025-05-23T13:43:44.444Z", "contribution_type": 1, "multiplier_value": "200.00", "valid_from": "2025-03-01T17:10:58Z", "description": "", "notes": ""}}, {"model": "leaderboard.globalleaderboardmultiplier", "pk": 8, "fields": {"created_at": "2025-05-22T20:32:01.537Z", "updated_at": "2025-05-23T13:09:11.598Z", "contribution_type": 8, "multiplier_value": "20.00", "valid_from": "2025-03-01T20:31:28Z", "description": "", "notes": ""}}, {"model": "leaderboard.globalleaderboardmultiplier", "pk": 9, "fields": {"created_at": "2025-05-23T10:21:19.349Z", "updated_at": "2025-05-23T13:09:09.719Z", "contribution_type": 9, "multiplier_value": "5.00", "valid_from": "2025-03-01T10:21:02Z", "description": "", "notes": ""}}, {"model": "leaderboard.globalleaderboardmultiplier", "pk": 10, "fields": {"created_at": "2025-05-23T13:10:36.064Z", "updated_at": "2025-05-23T13:10:36.064Z", "contribution_type": 10, "multiplier_value": "500.00", "valid_from": "2025-03-01T13:10:23Z", "description": "", "notes": ""}}, {"model": "leaderboard.leaderboardentry", "pk": 185, "fields": {"created_at": "2025-05-23T14:38:38.485Z", "updated_at": "2025-05-23T14:38:38.485Z", "user": 3, "total_points": 1361, "rank": 4}}, {"model": "leaderboard.leaderboardentry", "pk": 186, "fields": {"created_at": "2025-05-23T14:38:38.486Z", "updated_at": "2025-05-23T14:38:38.486Z", "user": 4, "total_points": 1384, "rank": 2}}, {"model": "leaderboard.leaderboardentry", "pk": 187, "fields": {"created_at": "2025-05-23T14:38:38.487Z", "updated_at": "2025-05-23T14:38:38.487Z", "user": 5, "total_points": 1368, "rank": 3}}, {"model": "leaderboard.leaderboardentry", "pk": 188, "fields": {"created_at": "2025-05-23T14:38:38.488Z", "updated_at": "2025-05-23T14:38:38.488Z", "user": 6, "total_points": 1342, "rank": 5}}, {"model": "leaderboard.leaderboardentry", "pk": 189, "fields": {"created_at": "2025-05-23T14:38:38.488Z", "updated_at": "2025-05-23T14:38:38.488Z", "user": 7, "total_points": 879, "rank": 7}}, {"model": "leaderboard.leaderboardentry", "pk": 190, "fields": {"created_at": "2025-05-23T14:38:38.489Z", "updated_at": "2025-05-23T14:38:38.489Z", "user": 8, "total_points": 1325, "rank": 6}}, {"model": "leaderboard.leaderboardentry", "pk": 191, "fields": {"created_at": "2025-05-23T14:38:38.490Z", "updated_at": "2025-05-23T14:38:38.490Z", "user": 9, "total_points": 1417, "rank": 1}}, {"model": "leaderboard.leaderboardentry", "pk": 192, "fields": {"created_at": "2025-05-23T14:38:38.490Z", "updated_at": "2025-05-23T14:38:38.490Z", "user": 10, "total_points": 500, "rank": 8}}, {"model": "ethereum_auth.nonce", "pk": 1, "fields": {"value": "2tJBWPngErpDC2SBkfEmagANXCaDeTuu", "created_at": "2025-05-23T10:38:00.841Z", "used": false, "expires_at": "2025-05-23T10:43:00.841Z"}}, {"model": "ethereum_auth.nonce", "pk": 2, "fields": {"value": "n8Ot4W6l9okck2ISMcHk2aO9lu2ICtFZ", "created_at": "2025-05-23T10:39:07.190Z", "used": false, "expires_at": "2025-05-23T10:44:07.190Z"}}, {"model": "ethereum_auth.nonce", "pk": 3, "fields": {"value": "SRnyTzgC4XsvC6vmzZtkgsQWJGbWSg19", "created_at": "2025-05-23T10:42:07.405Z", "used": true, "expires_at": "2025-05-23T10:47:07.405Z"}}, {"model": "ethereum_auth.nonce", "pk": 4, "fields": {"value": "VNDFKaPT4BnVHQAB6qdNeqsVTRbhoqFn", "created_at": "2025-05-23T10:42:27.845Z", "used": true, "expires_at": "2025-05-23T10:47:27.845Z"}}, {"model": "ethereum_auth.nonce", "pk": 5, "fields": {"value": "w0cIbCEco6FiJwWJV4ELQhzkU4F1iNOQ", "created_at": "2025-05-23T12:33:48.693Z", "used": true, "expires_at": "2025-05-23T12:38:48.687Z"}}, {"model": "ethereum_auth.nonce", "pk": 6, "fields": {"value": "c4tONaf2gShtjFX9DM4VbF1YRsL8Tlxd", "created_at": "2025-05-23T12:34:16.539Z", "used": true, "expires_at": "2025-05-23T12:39:16.538Z"}}, {"model": "ethereum_auth.nonce", "pk": 7, "fields": {"value": "vlcBjFs7XfbQ0LmWm8sNjPqjqJPW8DnV", "created_at": "2025-05-23T12:36:30.032Z", "used": false, "expires_at": "2025-05-23T12:41:30.032Z"}}, {"model": "ethereum_auth.nonce", "pk": 8, "fields": {"value": "0dhPY5MjqLg78y9JbpkyexEJyzE24Z35", "created_at": "2025-05-23T12:36:34.152Z", "used": true, "expires_at": "2025-05-23T12:41:34.152Z"}}, {"model": "ethereum_auth.nonce", "pk": 9, "fields": {"value": "WeUlsIam12BLvibgG0pmox9lmOi4qAGD", "created_at": "2025-05-23T12:36:53.281Z", "used": true, "expires_at": "2025-05-23T12:41:53.281Z"}}, {"model": "ethereum_auth.nonce", "pk": 10, "fields": {"value": "DGMPeoYNpcHsvQ3W9LqhulCV60aYbNKw", "created_at": "2025-05-23T12:38:37.062Z", "used": false, "expires_at": "2025-05-23T12:43:37.062Z"}}, {"model": "ethereum_auth.nonce", "pk": 11, "fields": {"value": "XlBkSKzm37STeyUPFCtOd3H9YYAmLZ3X", "created_at": "2025-05-23T12:38:44.311Z", "used": true, "expires_at": "2025-05-23T12:43:44.311Z"}}, {"model": "ethereum_auth.nonce", "pk": 12, "fields": {"value": "PiUTcf11IFBncUERFa2h1ITyS8MF5Ejs", "created_at": "2025-05-23T12:39:21.007Z", "used": true, "expires_at": "2025-05-23T12:44:21.007Z"}}, {"model": "ethereum_auth.nonce", "pk": 13, "fields": {"value": "mi7pMn3mz4R3wp63hVLJKLmNmk1WbJtN", "created_at": "2025-05-23T12:39:29.871Z", "used": false, "expires_at": "2025-05-23T12:44:29.871Z"}}, {"model": "ethereum_auth.nonce", "pk": 14, "fields": {"value": "kkmb1g9M6Cezrggnmp4T4ysUNA5PwGEZ", "created_at": "2025-05-23T12:39:37.789Z", "used": true, "expires_at": "2025-05-23T12:44:37.789Z"}}, {"model": "ethereum_auth.nonce", "pk": 15, "fields": {"value": "KEHOlSt6Wm18f1ru68TND7ve4ZlnMVXM", "created_at": "2025-05-23T12:39:42.704Z", "used": false, "expires_at": "2025-05-23T12:44:42.704Z"}}, {"model": "ethereum_auth.nonce", "pk": 16, "fields": {"value": "fSV8HhmSnV1qJ8puTFybCsKkXdDFO6TJ", "created_at": "2025-05-23T12:41:17.325Z", "used": false, "expires_at": "2025-05-23T12:46:17.324Z"}}, {"model": "ethereum_auth.nonce", "pk": 17, "fields": {"value": "VLksSvHHPeEOJFq2j1GnW8uN5yzrv6id", "created_at": "2025-05-23T12:41:36.655Z", "used": false, "expires_at": "2025-05-23T12:46:36.655Z"}}, {"model": "ethereum_auth.nonce", "pk": 18, "fields": {"value": "XF4MJsxuoX77s3MfDIwwNJ1CzLZsn5LP", "created_at": "2025-05-23T12:41:44.435Z", "used": false, "expires_at": "2025-05-23T12:46:44.435Z"}}, {"model": "ethereum_auth.nonce", "pk": 19, "fields": {"value": "9xVS8HAOGeXV4SYXjBr8JrQ02nTr0F1F", "created_at": "2025-05-23T12:42:37.992Z", "used": true, "expires_at": "2025-05-23T12:47:37.992Z"}}, {"model": "ethereum_auth.nonce", "pk": 20, "fields": {"value": "XxFBNO5qSx6Pw1f0vNbHf3SfvlmtFk4P", "created_at": "2025-05-23T12:42:49.504Z", "used": true, "expires_at": "2025-05-23T12:47:49.504Z"}}, {"model": "ethereum_auth.nonce", "pk": 21, "fields": {"value": "zRLdq6JKYLYXqV9zeGM9UiPrtaqAKh37", "created_at": "2025-05-28T14:45:54.855Z", "used": true, "expires_at": "2025-05-28T14:50:54.850Z"}}]